Type,Start,End,Duration,Start Conditions,Start Location,End Conditions,Notes
sleep,2024-03-31 02:09,2024-03-31 08:29,6:20,,,,
sleep,2024-03-31 00:06,2024-03-31 01:47,1:41,,,,
feed,2024-03-30 23:45,,,Breast,,,
sleep,2024-03-30 21:23,2024-03-30 23:56,2:33,,,,
sleep,2024-03-30 18:31,2024-03-30 21:04,2:33,,,,
sleep,2024-03-30 17:26,2024-03-30 18:20,0:54,,,,
feed,2024-03-30 15:23,,,Bottle,bottle,5oz,
feed,2024-03-30 13:51,,,Bottle,bottle,4oz,
feed,2024-03-30 12:52,,,Breast,,,
sleep,2024-03-30 12:24,2024-03-30 13:34,1:10,,,,
sleep,2024-03-30 11:55,2024-03-30 13:38,1:43,,,,
sleep,2024-03-30 11:09,2024-03-30 12:20,1:11,,,,
sleep,2024-03-30 09:03,2024-03-30 09:53,0:50,,,,
meds,2024-03-30 08:41,2024-03-30 08:41,,1ml,Vitamin D,,
feed,2024-03-30 06:44,,,Formula,bottle,3oz,
feed,2024-03-30 05:35,,,Breast,,,
feed,2024-03-30 05:32,,,Bottle,bottle,3oz,
feed,2024-03-30 04:01,,,Formula,bottle,4oz,
sleep,2024-03-30 03:11,2024-03-30 07:32,4:21,,,,
feed,2024-03-30 02:08,,,Formula,bottle,5oz,
feed,2024-03-30 01:18,,,Formula,bottle,5oz,
sleep,2024-03-30 00:29,2024-03-30 02:58,2:29,,,,
sleep,2024-03-29 22:02,2024-03-30 00:12,2:10,,,,
feed,2024-03-29 21:03,,,Formula,bottle,4oz,
sleep,2024-03-29 19:08,2024-03-29 21:49,2:41,,,,
feed,2024-03-29 17:43,,,Bottle,bottle,5oz,
feed,2024-03-29 17:33,,,Bottle,bottle,6oz,
feed,2024-03-29 16:19,,,Bottle,bottle,8oz,
sleep,2024-03-29 15:29,2024-03-29 16:43,1:14,,,,
sleep,2024-03-29 15:26,2024-03-29 16:36,1:10,,,,
feed,2024-03-29 12:57,,,Formula,bottle,6oz,
feed,2024-03-29 12:12,,,Formula,bottle,2oz,
sleep,2024-03-29 11:21,2024-03-29 12:31,1:10,,,,
sleep,2024-03-29 09:44,2024-03-29 10:32,0:48,,,,
feed,2024-03-29 09:14,,,Formula,bottle,3oz,
feed,2024-03-29 08:37,,,Breast,,,
meds,2024-03-29 08:23,2024-03-29 08:23,,1ml,Vitamin D,,
sleep,2024-03-29 08:10,2024-03-29 09:57,1:47,,,,
feed,2024-03-29 03:40,,,Bottle,bottle,4oz,
feed,2024-03-29 01:40,,,Breast,,,
feed,2024-03-29 01:39,,,Formula,bottle,3oz,
sleep,2024-03-29 01:30,2024-03-29 07:41,6:11,,,,
feed,2024-03-29 00:36,,,Formula,bottle,8oz,
sleep,2024-03-28 23:07,2024-03-29 01:08,2:01,,,,
sleep,2024-03-28 20:34,2024-03-28 22:42,2:08,,,,
meds,2024-03-28 19:05,2024-03-28 19:05,,2.5ml,Gripe Water,,
sleep,2024-03-28 17:26,2024-03-28 18:59,1:33,,,,
sleep,2024-03-28 17:16,2024-03-28 17:49,0:33,,,,
feed,2024-03-28 12:55,,,Breast,,,
feed,2024-03-28 12:18,,,Breast,,,
sleep,2024-03-28 11:49,2024-03-28 13:40,1:51,,,,
feed,2024-03-28 11:40,,,Breast,,,
feed,2024-03-28 10:55,,,Breast,,,
feed,2024-03-28 10:55,,,Bottle,bottle,8oz,
feed,2024-03-28 09:23,,,Formula,bottle,5oz,
sleep,2024-03-28 08:41,2024-03-28 10:30,1:49,,,,
feed,2024-03-28 08:29,,,Bottle,bottle,5oz,
sleep,2024-03-28 07:37,2024-03-28 08:37,1:00,,,,
feed,2024-03-28 07:23,,,Bottle,bottle,3oz,
sleep,2024-03-28 04:44,2024-03-28 07:26,2:42,,,,
sleep,2024-03-28 01:37,2024-03-28 04:24,2:47,,,,
feed,2024-03-27 23:15,,,Formula,bottle,8oz,
sleep,2024-03-27 22:14,2024-03-28 01:08,2:54,,,,
feed,2024-03-27 21:50,,,Bottle,bottle,2oz,
sleep,2024-03-27 20:10,2024-03-27 21:59,1:49,,,,
feed,2024-03-27 18:23,,,Formula,bottle,5oz,
feed,2024-03-27 17:40,,,Formula,bottle,4oz,
sleep,2024-03-27 16:17,2024-03-27 17:51,1:34,,,,
feed,2024-03-27 13:28,,,Breast,,,
sleep,2024-03-27 12:54,2024-03-27 13:35,0:41,,,,
feed,2024-03-27 12:48,,,Bottle,bottle,8oz,
feed,2024-03-27 11:57,,,Bottle,bottle,5oz,
sleep,2024-03-27 11:40,2024-03-27 13:18,1:38,,,,
sleep,2024-03-27 10:40,2024-03-27 12:28,1:48,,,,
feed,2024-03-27 10:34,,,Bottle,bottle,6oz,
sleep,2024-03-27 09:16,2024-03-27 10:24,1:08,,,,
meds,2024-03-27 08:25,2024-03-27 08:25,,1ml,Vitamin D,,
feed,2024-03-27 05:25,,,Bottle,bottle,4oz,
sleep,2024-03-26 23:07,2024-03-27 06:19,7:12,,,,
feed,2024-03-26 22:08,,,Formula,bottle,5oz,
feed,2024-03-26 22:00,,,Breast,,,
sleep,2024-03-26 20:39,2024-03-26 22:50,2:11,,,,
feed,2024-03-26 18:47,,,Breast,,,
sleep,2024-03-26 18:33,2024-03-26 20:24,1:51,,,,
sleep,2024-03-26 16:40,2024-03-26 17:17,0:37,,,,
sleep,2024-03-26 16:22,2024-03-26 17:56,1:34,,,,
sleep,2024-03-26 15:43,2024-03-26 17:08,1:25,,,,
feed,2024-03-26 15:38,,,Breast,,,
feed,2024-03-26 15:09,,,Bottle,bottle,4oz,
feed,2024-03-26 13:49,,,Bottle,bottle,4oz,
sleep,2024-03-26 10:56,2024-03-26 11:42,0:46,,,,
sleep,2024-03-26 10:20,2024-03-26 11:13,0:53,,,,
sleep,2024-03-26 09:28,2024-03-26 11:13,1:45,,,,
meds,2024-03-26 08:42,2024-03-26 08:42,,1ml,Vitamin D,,
feed,2024-03-26 02:30,,,Breast,,,
feed,2024-03-26 02:26,,,Bottle,bottle,5oz,
feed,2024-03-26 01:39,,,Breast,,,
sleep,2024-03-25 23:46,2024-03-26 07:25,7:39,,,,
feed,2024-03-25 23:13,,,Bottle,bottle,8oz,
sleep,2024-03-25 21:01,2024-03-25 23:23,2:22,,,,
feed,2024-03-25 20:40,,,Bottle,bottle,2oz,
sleep,2024-03-25 18:04,2024-03-25 20:35,2:31,,,,
sleep,2024-03-25 17:23,2024-03-25 19:11,1:48,,,,
feed,2024-03-25 16:47,,,Bottle,bottle,4oz,
sleep,2024-03-25 15:01,2024-03-25 15:47,0:46,,,,
sleep,2024-03-25 13:35,2024-03-25 15:15,1:40,,,,
feed,2024-03-25 10:45,,,Formula,bottle,4oz,
feed,2024-03-25 10:28,,,Breast,,,
sleep,2024-03-25 10:15,2024-03-25 11:44,1:29,,,,
feed,2024-03-25 09:40,,,Bottle,bottle,3oz,
feed,2024-03-25 09:26,,,Breast,,,
feed,2024-03-25 07:09,,,Bottle,bottle,6oz,
feed,2024-03-25 05:27,,,Bottle,bottle,4oz,
sleep,2024-03-25 04:29,2024-03-25 06:45,2:16,,,,
feed,2024-03-25 01:42,,,Formula,bottle,6oz,
sleep,2024-03-25 01:37,2024-03-25 04:12,2:35,,,,
feed,2024-03-24 23:54,,,Bottle,bottle,4oz,
sleep,2024-03-24 23:24,2024-03-25 01:16,1:52,,,,
feed,2024-03-24 20:35,,,Bottle,bottle,2oz,
feed,2024-03-24 20:17,,,Bottle,bottle,3oz,
sleep,2024-03-24 19:54,2024-03-24 22:54,3:00,,,,
feed,2024-03-24 19:10,,,Bottle,bottle,8oz,
feed,2024-03-24 17:37,,,Breast,,,
sleep,2024-03-24 15:05,2024-03-24 16:12,1:07,,,,
feed,2024-03-24 13:43,,,Bottle,bottle,8oz,
sleep,2024-03-24 13:42,2024-03-24 15:21,1:39,,,,
feed,2024-03-24 13:06,,,Breast,,,
feed,2024-03-24 11:20,,,Breast,,,
sleep,2024-03-24 11:07,2024-03-24 12:47,1:40,,,,
sleep,2024-03-24 10:57,2024-03-24 11:35,0:38,,,,
sleep,2024-03-24 10:54,2024-03-24 12:54,2:00,,,,
feed,2024-03-24 10:06,,,Breast,,,
sleep,2024-03-24 09:28,2024-03-24 10:42,1:14,,,,
meds,2024-03-24 09:09,2024-03-24 09:09,,1ml,Vitamin D,,
feed,2024-03-24 04:12,,,Bottle,bottle,6oz,
sleep,2024-03-24 00:06,2024-03-24 07:45,7:39,,,,
feed,2024-03-23 21:38,,,Formula,bottle,2oz,
sleep,2024-03-23 20:59,2024-03-23 23:47,2:48,,,,
feed,2024-03-23 20:04,,,Bottle,bottle,6oz,
feed,2024-03-23 18:33,,,Formula,bottle,4oz,
feed,2024-03-23 18:29,,,Breast,,,
feed,2024-03-23 18:22,,,Bottle,bottle,3oz,
sleep,2024-03-23 18:16,2024-03-23 20:43,2:27,,,,
sleep,2024-03-23 17:08,2024-03-23 18:49,1:41,,,,
sleep,2024-03-23 16:23,2024-03-23 17:42,1:19,,,,
sleep,2024-03-23 14:20,2024-03-23 15:56,1:36,,,,
feed,2024-03-23 13:40,,,Bottle,bottle,4oz,
sleep,2024-03-23 12:15,2024-03-23 13:48,1:33,,,,
feed,2024-03-23 11:16,,,Formula,bottle,5oz,
feed,2024-03-23 09:46,,,Bottle,bottle,2oz,
meds,2024-03-23 09:43,2024-03-23 09:43,,1ml,Vitamin D,,
sleep,2024-03-23 09:01,2024-03-23 09:54,0:53,,,,
feed,2024-03-23 07:04,,,Bottle,bottle,2oz,
sleep,2024-03-23 04:23,2024-03-23 08:02,3:39,,,,
sleep,2024-03-23 01:45,2024-03-23 04:02,2:17,,,,
feed,2024-03-23 00:15,,,Bottle,bottle,5oz,
sleep,2024-03-22 22:25,2024-03-23 01:21,2:56,,,,
feed,2024-03-22 21:22,,,Breast,,,
sleep,2024-03-22 19:24,2024-03-22 22:11,2:47,,,,
sleep,2024-03-22 17:43,2024-03-22 18:59,1:16,,,,
sleep,2024-03-22 16:51,2024-03-22 18:43,1:52,,,,
feed,2024-03-22 16:46,,,Breast,,,
sleep,2024-03-22 15:02,2024-03-22 16:02,1:00,,,,
feed,2024-03-22 14:58,,,Bottle,bottle,2oz,
feed,2024-03-22 13:06,,,Formula,bottle,3oz,
feed,2024-03-22 12:03,,,Formula,bottle,8oz,
meds,2024-03-22 11:53,2024-03-22 11:53,,2.5ml,Gas Relief Drops,,
sleep,2024-03-22 10:54,2024-03-22 11:32,0:38,,,,
feed,2024-03-22 10:38,,,Bottle,bottle,4oz,
meds,2024-03-22 10:05,2024-03-22 10:05,,1ml,Vitamin D,,
sleep,2024-03-22 10:01,2024-03-22 10:47,0:46,,,,
feed,2024-03-22 07:43,,,Formula,bottle,2oz,
feed,2024-03-22 05:50,,,Bottle,bottle,4oz,
feed,2024-03-22 05:36,,,Bottle,bottle,3oz,
feed,2024-03-22 05:31,,,Bottle,bottle,8oz,
sleep,2024-03-22 04:49,2024-03-22 07:39,2:50,,,,
feed,2024-03-22 02:59,,,Formula,bottle,4oz,
sleep,2024-03-22 02:40,2024-03-22 04:19,1:39,,,,
feed,2024-03-22 00:45,,,Breast,,,
sleep,2024-03-21 23:38,2024-03-22 02:29,2:51,,,,
feed,2024-03-21 23:22,,,Formula,bottle,3oz,
feed,2024-03-21 21:58,,,Formula,bottle,2oz,
sleep,2024-03-21 20:55,2024-03-21 23:20,2:25,,,,
feed,2024-03-21 20:52,,,Formula,bottle,5oz,
feed,2024-03-21 18:46,,,Formula,bottle,3oz,
feed,2024-03-21 18:00,,,Formula,bottle,2oz,
feed,2024-03-21 17:15,,,Formula,bottle,5oz,
sleep,2024-03-21 15:38,2024-03-21 16:13,0:35,,,,
sleep,2024-03-21 14:10,2024-03-21 15:37,1:27,,,,
sleep,2024-03-21 13:42,2024-03-21 14:56,1:14,,,,
feed,2024-03-21 13:22,,,Bottle,bottle,4oz,
sleep,2024-03-21 12:19,2024-03-21 13:45,1:26,,,,
sleep,2024-03-21 09:05,2024-03-21 11:03,1:58,,,,
feed,2024-03-21 08:42,,,Breast,,,
feed,2024-03-21 06:44,,,Breast,,,
feed,2024-03-21 06:30,,,Bottle,bottle,5oz,
feed,2024-03-21 05:41,,,Bottle,bottle,4oz,
sleep,2024-03-21 04:07,2024-03-21 06:46,2:39,,,,
sleep,2024-03-21 01:47,2024-03-21 03:40,1:53,,,,
feed,2024-03-21 01:08,,,Formula,bottle,5oz,
sleep,2024-03-20 22:53,2024-03-21 01:18,2:25,,,,
feed,2024-03-20 22:37,,,Formula,bottle,5oz,
feed,2024-03-20 22:26,,,Bottle,bottle,3oz,
sleep,2024-03-20 20:17,2024-03-20 22:41,2:24,,,,
feed,2024-03-20 20:00,,,Bottle,bottle,3oz,
sleep,2024-03-20 15:57,2024-03-20 17:14,1:17,,,,
sleep,2024-03-20 14:47,2024-03-20 16:20,1:33,,,,
sleep,2024-03-20 14:21,2024-03-20 16:19,1:58,,,,
sleep,2024-03-20 13:27,2024-03-20 15:00,1:33,,,,
feed,2024-03-20 13:19,,,Formula,bottle,8oz,
feed,2024-03-20 10:28,,,Breast,,,
sleep,2024-03-20 09:51,2024-03-20 10:44,0:53,,,,
feed,2024-03-20 08:12,,,Breast,,,
meds,2024-03-20 08:10,2024-03-20 08:10,,1ml,Vitamin D,,
feed,2024-03-20 04:59,,,Bottle,bottle,6oz,
sleep,2024-03-20 04:11,2024-03-20 07:02,2:51,,,,
feed,2024-03-20 03:10,,,Bottle,bottle,2oz,
sleep,2024-03-20 02:05,2024-03-20 03:41,1:36,,,,
feed,2024-03-20 00:05,,,Breast,,,
sleep,2024-03-19 23:38,2024-03-20 01:44,2:06,,,,
sleep,2024-03-19 20:30,2024-03-19 23:22,2:52,,,,
meds,2024-03-19 19:35,2024-03-19 19:35,,2.5ml,Gas Relief Drops,,
feed,2024-03-19 17:50,,,Breast,,,
sleep,2024-03-19 15:40,2024-03-19 17:00,1:20,,,,
feed,2024-03-19 15:07,,,Formula,bottle,4oz,
sleep,2024-03-19 15:02,2024-03-19 16:37,1:35,,,,
feed,2024-03-19 15:02,,,Bottle,bottle,4oz,
feed,2024-03-19 12:54,,,Formula,bottle,5oz,
feed,2024-03-19 12:34,,,Formula,bottle,3oz,
sleep,2024-03-19 12:12,2024-03-19 13:21,1:09,,,,
feed,2024-03-19 11:31,,,Bottle,bottle,3oz,
sleep,2024-03-19 10:51,2024-03-19 12:01,1:10,,,,
sleep,2024-03-19 10:04,2024-03-19 10:39,0:35,,,,
feed,2024-03-19 10:02,,,Bottle,bottle,3oz,
feed,2024-03-19 09:13,,,Formula,bottle,5oz,
sleep,2024-03-19 08:50,2024-03-19 09:45,0:55,,,,
feed,2024-03-19 06:40,,,Bottle,bottle,4oz,
sleep,2024-03-19 04:50,2024-03-19 07:08,2:18,,,,
feed,2024-03-19 03:32,,,Breast,,,
feed,2024-03-19 01:46,,,Bottle,bottle,5oz,
sleep,2024-03-19 01:43,2024-03-19 04:35,2:52,,,,
feed,2024-03-19 01:10,,,Formula,bottle,5oz,
sleep,2024-03-18 22:44,2024-03-19 01:23,2:39,,,,
feed,2024-03-18 22:37,,,Bottle,bottle,4oz,
sleep,2024-03-18 20:48,2024-03-18 22:23,1:35,,,,
feed,2024-03-18 19:48,,,Breast,,,
feed,2024-03-18 17:28,,,Bottle,bottle,5oz,
feed,2024-03-18 16:29,,,Formula,bottle,3oz,
sleep,2024-03-18 14:23,2024-03-18 16:07,1:44,,,,
meds,2024-03-18 13:58,2024-03-18 13:58,,2.5ml,Gas Relief Drops,,
feed,2024-03-18 13:41,,,Breast,,,
feed,2024-03-18 13:16,,,Bottle,bottle,8oz,
sleep,2024-03-18 12:47,2024-03-18 13:30,0:43,,,,
feed,2024-03-18 09:25,,,Formula,bottle,2oz,
sleep,2024-03-18 09:22,2024-03-18 11:12,1:50,,,,
sleep,2024-03-18 08:40,2024-03-18 10:34,1:54,,,,
feed,2024-03-18 08:33,,,Formula,bottle,2oz,
sleep,2024-03-18 08:22,2024-03-18 09:22,1:00,,,,
meds,2024-03-18 08:08,2024-03-18 08:08,,1ml,Vitamin D,,
feed,2024-03-18 04:16,,,Bottle,bottle,5oz,
feed,2024-03-18 03:43,,,Formula,bottle,4oz,
feed,2024-03-18 02:20,,,Breast,,,
sleep,2024-03-18 00:54,2024-03-18 08:34,7:40,,,,
feed,2024-03-18 00:41,,,Breast,,,
feed,2024-03-17 23:20,,,Bottle,bottle,3oz,
sleep,2024-03-17 22:04,2024-03-18 00:44,2:40,,,,
feed,2024-03-17 21:24,,,Breast,,,
sleep,2024-03-17 19:04,2024-03-17 21:38,2:34,,,,
feed,2024-03-17 18:58,,,Formula,bottle,4oz,
sleep,2024-03-17 17:22,2024-03-17 18:59,1:37,,,,
sleep,2024-03-17 16:36,2024-03-17 17:16,0:40,,,,
feed,2024-03-17 14:23,,,Bottle,bottle,8oz,
sleep,2024-03-17 14:00,2024-03-17 15:55,1:55,,,,
feed,2024-03-17 12:08,,,Breast,,,
sleep,2024-03-17 11:45,2024-03-17 13:40,1:55,,,,
sleep,2024-03-17 11:36,2024-03-17 12:29,0:53,,,,
sleep,2024-03-17 10:18,2024-03-17 11:41,1:23,,,,
feed,2024-03-17 09:48,,,Breast,,,
feed,2024-03-17 07:54,,,Breast,,,
feed,2024-03-17 07:20,,,Breast,,,
feed,2024-03-17 04:33,,,Bottle,bottle,8oz,
feed,2024-03-17 03:39,,,Breast,,,
feed,2024-03-17 02:32,,,Formula,bottle,3oz,
sleep,2024-03-17 02:21,2024-03-17 07:40,5:19,,,,
feed,2024-03-17 01:28,,,Formula,bottle,2oz,
sleep,2024-03-16 23:19,2024-03-17 01:52,2:33,,,,
sleep,2024-03-16 21:28,2024-03-16 23:06,1:38,,,,
feed,2024-03-16 19:19,,,Formula,bottle,2oz,
sleep,2024-03-16 18:15,2024-03-16 21:04,2:49,,,,
sleep,2024-03-16 17:33,2024-03-16 18:18,0:45,,,,
feed,2024-03-16 15:32,,,Breast,,,
feed,2024-03-16 14:20,,,Bottle,bottle,2oz,
sleep,2024-03-16 14:07,2024-03-16 15:15,1:08,,,,
feed,2024-03-16 13:03,,,Bottle,bottle,4oz,
feed,2024-03-16 12:53,,,Bottle,bottle,8oz,
feed,2024-03-16 12:05,,,Formula,bottle,8oz,
sleep,2024-03-16 11:53,2024-03-16 12:53,1:00,,,,
feed,2024-03-16 10:59,,,Breast,,,
sleep,2024-03-16 10:35,2024-03-16 11:41,1:06,,,,
feed,2024-03-16 09:46,,,Breast,,,
meds,2024-03-16 08:43,2024-03-16 08:43,,1ml,Vitamin D,,
feed,2024-03-16 05:37,,,Formula,bottle,2oz,
sleep,2024-03-16 03:47,2024-03-16 06:48,3:01,,,,
sleep,2024-03-16 02:05,2024-03-16 03:35,1:30,,,,
feed,2024-03-16 01:53,,,Bottle,bottle,5oz,
sleep,2024-03-15 23:09,2024-03-16 01:36,2:27,,,,
sleep,2024-03-15 19:44,2024-03-15 22:44,3:00,,,,
feed,2024-03-15 17:34,,,Formula,bottle,4oz,
feed,2024-03-15 15:40,,,Formula,bottle,4oz,
feed,2024-03-15 14:51,,,Formula,bottle,8oz,
sleep,2024-03-15 13:59,2024-03-15 15:05,1:06,,,,
sleep,2024-03-15 13:50,2024-03-15 14:24,0:34,,,,
feed,2024-03-15 13:20,,,Breast,,,
feed,2024-03-15 12:41,,,Bottle,bottle,3oz,
sleep,2024-03-15 11:01,2024-03-15 11:48,0:47,,,,
sleep,2024-03-15 09:53,2024-03-15 10:41,0:48,,,,
feed,2024-03-15 08:51,,,Bottle,bottle,4oz,
feed,2024-03-15 08:37,,,Formula,bottle,8oz,
feed,2024-03-15 08:09,,,Breast,,,
feed,2024-03-15 06:27,,,Formula,bottle,5oz,
feed,2024-03-15 05:57,,,Bottle,bottle,4oz,
feed,2024-03-15 03:40,,,Formula,bottle,5oz,
sleep,2024-03-15 03:14,2024-03-15 06:26,3:12,,,,
sleep,2024-03-15 00:52,2024-03-15 02:52,2:00,,,,
feed,2024-03-15 00:17,,,Bottle,bottle,2oz,
feed,2024-03-14 23:55,,,Formula,bottle,5oz,
feed,2024-03-14 22:12,,,Bottle,bottle,4oz,
sleep,2024-03-14 21:57,2024-03-15 00:31,2:34,,,,
feed,2024-03-14 20:13,,,Bottle,bottle,5oz,
sleep,2024-03-14 19:59,2024-03-14 21:35,1:36,,,,
feed,2024-03-14 17:54,,,Formula,bottle,4oz,
sleep,2024-03-14 16:09,2024-03-14 17:36,1:27,,,,
sleep,2024-03-14 15:57,2024-03-14 16:55,0:58,,,,
feed,2024-03-14 15:34,,,Formula,bottle,8oz,
feed,2024-03-14 15:15,,,Formula,bottle,5oz,
sleep,2024-03-14 10:17,2024-03-14 10:58,0:41,,,,
sleep,2024-03-14 09:48,2024-03-14 11:13,1:25,,,,
meds,2024-03-14 08:38,2024-03-14 08:38,,1ml,Vitamin D,,
feed,2024-03-14 08:32,,,Breast,,,
feed,2024-03-14 06:38,,,Breast,,,
sleep,2024-03-14 04:18,2024-03-14 07:03,2:45,,,,
sleep,2024-03-14 02:09,2024-03-14 03:52,1:43,,,,
feed,2024-03-14 02:03,,,Bottle,bottle,5oz,
sleep,2024-03-13 23:25,2024-03-14 01:42,2:17,,,,
feed,2024-03-13 22:36,,,Formula,bottle,5oz,
sleep,2024-03-13 20:08,2024-03-13 23:00,2:52,,,,
feed,2024-03-13 19:19,,,Breast,,,
sleep,2024-03-13 17:28,2024-03-13 18:23,0:55,,,,
feed,2024-03-13 17:03,,,Formula,bottle,6oz,
feed,2024-03-13 15:54,,,Breast,,,
sleep,2024-03-13 15:49,2024-03-13 16:39,0:50,,,,
sleep,2024-03-13 14:32,2024-03-13 15:55,1:23,,,,
sleep,2024-03-13 12:49,2024-03-13 14:26,1:37,,,,
feed,2024-03-13 11:51,,,Breast,,,
feed,2024-03-13 08:59,,,Breast,,,
feed,2024-03-13 08:30,,,Formula,bottle,8oz,
meds,2024-03-13 08:20,2024-03-13 08:20,,1ml,Vitamin D,,
feed,2024-03-13 04:13,,,Breast,,,
sleep,2024-03-13 03:52,2024-03-13 07:48,3:56,,,,
feed,2024-03-13 01:53,,,Formula,bottle,4oz,
feed,2024-03-13 01:20,,,Formula,bottle,6oz,
sleep,2024-03-13 01:18,2024-03-13 03:27,2:09,,,,
sleep,2024-03-12 22:23,2024-03-13 01:01,2:38,,,,
feed,2024-03-12 22:03,,,Bottle,bottle,8oz,
feed,2024-03-12 21:19,,,Formula,bottle,8oz,
sleep,2024-03-12 19:39,2024-03-12 22:06,2:27,,,,
feed,2024-03-12 19:00,,,Breast,,,
sleep,2024-03-12 17:51,2024-03-12 18:51,1:00,,,,
sleep,2024-03-12 17:24,2024-03-12 19:20,1:56,,,,
sleep,2024-03-12 17:08,2024-03-12 18:24,1:16,,,,
feed,2024-03-12 14:36,,,Breast,,,
feed,2024-03-12 12:05,,,Bottle,bottle,6oz,
feed,2024-03-12 11:53,,,Bottle,bottle,2oz,
sleep,2024-03-12 10:53,2024-03-12 12:15,1:22,,,,
sleep,2024-03-12 10:46,2024-03-12 11:21,0:35,,,,
sleep,2024-03-12 10:10,2024-03-12 11:36,1:26,,,,
feed,2024-03-12 09:43,,,Bottle,bottle,8oz,
feed,2024-03-12 08:19,,,Bottle,bottle,2oz,
meds,2024-03-12 08:12,2024-03-12 08:12,,1ml,Vitamin D,,
sleep,2024-03-12 05:22,2024-03-12 06:08,0:46,,,,
feed,2024-03-12 02:47,,,Breast,,,
sleep,2024-03-12 02:34,2024-03-12 05:11,2:37,,,,
feed,2024-03-12 00:03,,,Bottle,bottle,2oz,
sleep,2024-03-11 23:33,2024-03-12 02:07,2:34,,,,
sleep,2024-03-11 21:13,2024-03-11 23:20,2:07,,,,
feed,2024-03-11 19:34,,,Formula,bottle,3oz,
sleep,2024-03-11 19:12,2024-03-11 21:01,1:49,,,,
feed,2024-03-11 16:52,,,Bottle,bottle,6oz,
sleep,2024-03-11 16:05,2024-03-11 17:18,1:13,,,,
feed,2024-03-11 15:44,,,Bottle,bottle,3oz,
sleep,2024-03-11 14:32,2024-03-11 15:29,0:57,,,,
sleep,2024-03-11 13:52,2024-03-11 14:45,0:53,,,,
feed,2024-03-11 13:25,,,Bottle,bottle,8oz,
feed,2024-03-11 13:06,,,Bottle,bottle,2oz,
sleep,2024-03-11 13:01,2024-03-11 14:10,1:09,,,,
sleep,2024-03-11 10:42,2024-03-11 11:58,1:16,,,,
meds,2024-03-11 08:07,2024-03-11 08:07,,1ml,Vitamin D,,
sleep,2024-03-11 07:16,2024-03-11 07:19,0:03,,,,
feed,2024-03-11 06:59,,,Formula,bottle,4oz,
feed,2024-03-11 05:31,,,Bottle,bottle,6oz,
sleep,2024-03-11 04:51,2024-03-11 06:49,1:58,,,,
feed,2024-03-11 04:35,,,Formula,bottle,4oz,
feed,2024-03-11 02:20,,,Formula,bottle,4oz,
feed,2024-03-11 02:10,,,Bottle,bottle,3oz,
sleep,2024-03-11 01:39,2024-03-11 04:39,3:00,,,,
sleep,2024-03-10 23:24,2024-03-11 01:10,1:46,,,,
sleep,2024-03-10 20:09,2024-03-10 23:02,2:53,,,,
feed,2024-03-10 17:22,,,Bottle,bottle,8oz,
sleep,2024-03-10 16:43,2024-03-10 18:27,1:44,,,,
sleep,2024-03-10 14:18,2024-03-10 14:58,0:40,,,,
feed,2024-03-10 14:15,,,Formula,bottle,2oz,
sleep,2024-03-10 13:06,2024-03-10 14:18,1:12,,,,
sleep,2024-03-10 13:04,2024-03-10 13:53,0:49,,,,
sleep,2024-03-10 12:46,2024-03-10 14:33,1:47,,,,
meds,2024-03-10 09:18,2024-03-10 09:18,,1ml,Vitamin D,,
feed,2024-03-10 09:09,,,Breast,,,
sleep,2024-03-10 08:50,2024-03-10 10:44,1:54,,,,
feed,2024-03-10 06:59,,,Formula,bottle,2oz,
feed,2024-03-10 05:47,,,Bottle,bottle,6oz,
feed,2024-03-10 05:28,,,Formula,bottle,4oz,
sleep,2024-03-10 04:20,2024-03-10 08:10,3:50,,,,
feed,2024-03-10 03:08,,,Breast,,,
sleep,2024-03-10 01:38,2024-03-10 04:00,2:22,,,,
feed,2024-03-10 01:37,,,Formula,bottle,2oz,
sleep,2024-03-09 23:10,2024-03-10 01:16,2:06,,,,
feed,2024-03-09 22:26,,,Bottle,bottle,5oz,
sleep,2024-03-09 20:33,2024-03-09 22:49,2:16,,,,
feed,2024-03-09 20:22,,,Bottle,bottle,8oz,
feed,2024-03-09 19:14,,,Bottle,bottle,8oz,
feed,2024-03-09 18:25,,,Breast,,,
feed,2024-03-09 17:24,,,Bottle,bottle,5oz,
feed,2024-03-09 15:10,,,Bottle,bottle,8oz,
sleep,2024-03-09 13:45,2024-03-09 15:11,1:26,,,,
feed,2024-03-09 12:57,,,Formula,bottle,6oz,
meds,2024-03-09 10:22,2024-03-09 10:22,,2.5ml,Gripe Water,,
meds,2024-03-09 10:16,2024-03-09 10:16,,1ml,Vitamin D,,
sleep,2024-03-09 10:02,2024-03-09 11:28,1:26,,,,
sleep,2024-03-09 09:51,2024-03-09 11:51,2:00,,,,
sleep,2024-03-09 09:32,2024-03-09 10:33,1:01,,,,
feed,2024-03-09 03:19,,,Breast,,,
sleep,2024-03-09 02:41,2024-03-09 06:20,3:39,,,,
feed,2024-03-08 23:57,,,Breast,,,
sleep,2024-03-08 23:53,2024-03-09 02:27,2:34,,,,
sleep,2024-03-08 20:41,2024-03-08 23:28,2:47,,,,
feed,2024-03-08 20:30,,,Bottle,bottle,6oz,
feed,2024-03-08 18:29,,,Bottle,bottle,5oz,
sleep,2024-03-08 17:32,2024-03-08 18:59,1:27,,,,
feed,2024-03-08 17:05,,,Bottle,bottle,2oz,
feed,2024-03-08 16:37,,,Bottle,bottle,8oz,
sleep,2024-03-08 15:02,2024-03-08 15:37,0:35,,,,
meds,2024-03-08 14:41,2024-03-08 14:41,,5ml,Tylenol,,
sleep,2024-03-08 12:29,2024-03-08 14:09,1:40,,,,
sleep,2024-03-08 12:04,2024-03-08 13:48,1:44,,,,
feed,2024-03-08 10:17,,,Breast,,,
meds,2024-03-08 10:04,2024-03-08 10:04,,1ml,Vitamin D,,
meds,2024-03-08 09:41,2024-03-08 09:41,,2.5ml,Gripe Water,,
sleep,2024-03-08 09:39,2024-03-08 11:08,1:29,,,,
sleep,2024-03-08 08:23,2024-03-08 09:42,1:19,,,,
feed,2024-03-08 08:06,,,Bottle,bottle,6oz,
feed,2024-03-08 05:46,,,Formula,bottle,2oz,
sleep,2024-03-08 05:43,2024-03-08 07:04,1:21,,,,
sleep,2024-03-08 03:45,2024-03-08 05:22,1:37,,,,
sleep,2024-03-08 01:12,2024-03-08 03:17,2:05,,,,
feed,2024-03-07 23:41,,,Formula,bottle,3oz,
sleep,2024-03-07 22:03,2024-03-08 00:53,2:50,,,,
feed,2024-03-07 21:20,,,Breast,,,
feed,2024-03-07 19:14,,,Formula,bottle,6oz,
sleep,2024-03-07 19:09,2024-03-07 21:39,2:30,,,,
feed,2024-03-07 19:04,,,Bottle,bottle,6oz,
sleep,2024-03-07 17:48,2024-03-07 19:38,1:50,,,,
sleep,2024-03-07 17:41,2024-03-07 18:52,1:11,,,,
sleep,2024-03-07 17:28,2024-03-07 19:17,1:49,,,,
feed,2024-03-07 17:19,,,Breast,,,
sleep,2024-03-07 15:29,2024-03-07 17:20,1:51,,,,
feed,2024-03-07 11:40,,,Formula,bottle,4oz,
feed,2024-03-07 09:37,,,Bottle,bottle,3oz,
meds,2024-03-07 08:16,2024-03-07 08:16,,1ml,Vitamin D,,
feed,2024-03-07 07:43,,,Breast,,,
feed,2024-03-07 04:36,,,Bottle,bottle,6oz,
sleep,2024-03-07 02:22,2024-03-07 06:16,3:54,,,,
feed,2024-03-07 01:46,,,Formula,bottle,2oz,
sleep,2024-03-06 23:17,2024-03-07 02:10,2:53,,,,
sleep,2024-03-06 20:16,2024-03-06 23:03,2:47,,,,
sleep,2024-03-06 18:06,2024-03-06 20:01,1:55,,,,
sleep,2024-03-06 16:40,2024-03-06 17:28,0:48,,,,
feed,2024-03-06 16:13,,,Bottle,bottle,3oz,
sleep,2024-03-06 16:12,2024-03-06 18:04,1:52,,,,
feed,2024-03-06 15:38,,,Bottle,bottle,6oz,
feed,2024-03-06 12:39,,,Bottle,bottle,8oz,
feed,2024-03-06 12:23,,,Formula,bottle,2oz,
feed,2024-03-06 11:54,,,Breast,,,
meds,2024-03-06 10:57,2024-03-06 10:57,,1ml,Vitamin D,,
feed,2024-03-06 10:23,,,Breast,,,
sleep,2024-03-06 10:04,2024-03-06 11:18,1:14,,,,
sleep,2024-03-06 09:33,2024-03-06 10:47,1:14,,,,
sleep,2024-03-06 06:03,2024-03-06 06:15,0:12,,,,
feed,2024-03-06 05:37,,,Bottle,bottle,8oz,
feed,2024-03-06 05:14,,,Formula,bottle,8oz,
feed,2024-03-06 05:05,,,Bottle,bottle,5oz,
sleep,2024-03-06 03:36,2024-03-06 05:43,2:07,,,,
feed,2024-03-06 02:59,,,Breast,,,
sleep,2024-03-06 01:34,2024-03-06 03:14,1:40,,,,
sleep,2024-03-05 22:47,2024-03-06 01:08,2:21,,,,
sleep,2024-03-05 19:54,2024-03-05 22:19,2:25,,,,
feed,2024-03-05 16:33,,,Bottle,bottle,2oz,
sleep,2024-03-05 14:45,2024-03-05 15:26,0:41,,,,
sleep,2024-03-05 14:18,2024-03-05 15:34,1:16,,,,
feed,2024-03-05 13:00,,,Bottle,bottle,5oz,
feed,2024-03-05 11:41,,,Breast,,,
feed,2024-03-05 11:26,,,Breast,,,
sleep,2024-03-05 10:51,2024-03-05 12:49,1:58,,,,
feed,2024-03-05 09:27,,,Bottle,bottle,3oz,
sleep,2024-03-05 09:25,2024-03-05 10:53,1:28,,,,
sleep,2024-03-05 08:20,2024-03-05 10:09,1:49,,,,
feed,2024-03-05 06:43,,,Bottle,bottle,4oz,
feed,2024-03-05 05:13,,,Formula,bottle,2oz,
feed,2024-03-05 01:42,,,Bottle,bottle,6oz,
sleep,2024-03-05 01:20,2024-03-05 07:01,5:41,,,,
feed,2024-03-05 00:53,,,Formula,bottle,2oz,
sleep,2024-03-04 22:42,2024-03-05 00:52,2:10,,,,
sleep,2024-03-04 20:02,2024-03-04 22:30,2:28,,,,
feed,2024-03-04 16:52,,,Bottle,bottle,4oz,
sleep,2024-03-04 16:45,2024-03-04 18:05,1:20,,,,
feed,2024-03-04 15:12,,,Formula,bottle,3oz,
feed,2024-03-04 14:48,,,Formula,bottle,3oz,
feed,2024-03-04 14:44,,,Bottle,bottle,3oz,
sleep,2024-03-04 14:11,2024-03-04 14:50,0:39,,,,
meds,2024-03-04 12:04,2024-03-04 12:04,,5ml,Tylenol,,
sleep,2024-03-04 11:32,2024-03-04 12:47,1:15,,,,
feed,2024-03-04 10:32,,,Bottle,bottle,5oz,
sleep,2024-03-04 10:24,2024-03-04 12:19,1:55,,,,
meds,2024-03-04 09:33,2024-03-04 09:33,,1ml,Vitamin D,,
sleep,2024-03-04 08:31,2024-03-04 10:12,1:41,,,,
feed,2024-03-04 07:27,,,Breast,,,
feed,2024-03-04 07:26,,,Bottle,bottle,5oz,
feed,2024-03-04 03:49,,,Bottle,bottle,2oz,
feed,2024-03-03 22:58,,,Breast,,,
sleep,2024-03-03 22:32,2024-03-04 06:19,7:47,,,,
feed,2024-03-03 20:26,,,Bottle,bottle,5oz,
sleep,2024-03-03 20:11,2024-03-03 22:13,2:02,,,,
feed,2024-03-03 18:35,,,Breast,,,
feed,2024-03-03 18:11,,,Breast,,,
sleep,2024-03-03 18:00,2024-03-03 19:57,1:57,,,,
feed,2024-03-03 17:56,,,Breast,,,
feed,2024-03-03 17:44,,,Bottle,bottle,3oz,
sleep,2024-03-03 17:31,2024-03-03 19:17,1:46,,,,
sleep,2024-03-03 16:42,2024-03-03 18:02,1:20,,,,
feed,2024-03-03 16:14,,,Formula,bottle,3oz,
sleep,2024-03-03 16:07,2024-03-03 17:05,0:58,,,,
feed,2024-03-03 13:52,,,Breast,,,
feed,2024-03-03 13:29,,,Bottle,bottle,4oz,
sleep,2024-03-03 13:27,2024-03-03 14:02,0:35,,,,
feed,2024-03-03 12:21,,,Breast,,,
sleep,2024-03-03 09:18,2024-03-03 10:27,1:09,,,,
meds,2024-03-03 08:58,2024-03-03 08:58,,1ml,Vitamin D,,
feed,2024-03-03 08:25,,,Bottle,bottle,5oz,
sleep,2024-03-03 05:12,2024-03-03 07:28,2:16,,,,
feed,2024-03-03 03:25,,,Bottle,bottle,4oz,
sleep,2024-03-03 02:23,2024-03-03 04:49,2:26,,,,
sleep,2024-03-02 23:22,2024-03-03 01:54,2:32,,,,
feed,2024-03-02 23:12,,,Bottle,bottle,3oz,
feed,2024-03-02 22:09,,,Formula,bottle,5oz,
feed,2024-03-02 21:53,,,Formula,bottle,6oz,
feed,2024-03-02 21:15,,,Breast,,,
sleep,2024-03-02 20:05,2024-03-02 22:59,2:54,,,,
sleep,2024-03-02 17:38,2024-03-02 18:14,0:36,,,,
feed,2024-03-02 16:57,,,Breast,,,
sleep,2024-03-02 13:49,2024-03-02 15:38,1:49,,,,
sleep,2024-03-02 12:46,2024-03-02 13:36,0:50,,,,
feed,2024-03-02 11:28,,,Breast,,,
meds,2024-03-02 10:34,2024-03-02 10:34,,1ml,Vitamin D,,
sleep,2024-03-02 10:23,2024-03-02 11:12,0:49,,,,
feed,2024-03-02 10:02,,,Formula,bottle,6oz,
sleep,2024-03-02 09:56,2024-03-02 10:32,0:36,,,,
feed,2024-03-02 05:42,,,Formula,bottle,3oz,
feed,2024-03-02 04:55,,,Breast,,,
sleep,2024-03-02 02:14,2024-03-02 06:05,3:51,,,,
sleep,2024-03-01 23:33,2024-03-02 01:51,2:18,,,,
feed,2024-03-01 23:21,,,Breast,,,
feed,2024-03-01 21:58,,,Formula,bottle,8oz,
sleep,2024-03-01 20:40,2024-03-01 23:17,2:37,,,,
feed,2024-03-01 19:09,,,Breast,,,
sleep,2024-03-01 17:59,2024-03-01 18:47,0:48,,,,
sleep,2024-03-01 13:22,2024-03-01 14:00,0:38,,,,
feed,2024-03-01 13:12,,,Bottle,bottle,2oz,
sleep,2024-03-01 12:58,2024-03-01 14:19,1:21,,,,
feed,2024-03-01 12:44,,,Bottle,bottle,3oz,
sleep,2024-03-01 12:01,2024-03-01 13:55,1:54,,,,
sleep,2024-03-01 10:17,2024-03-01 11:59,1:42,,,,
feed,2024-03-01 08:22,,,Bottle,bottle,2oz,
sleep,2024-03-01 08:11,2024-03-01 08:59,0:48,,,,
feed,2024-03-01 08:09,,,Breast,,,
feed,2024-03-01 05:21,,,Bottle,bottle,2oz,
sleep,2024-03-01 02:42,2024-03-01 07:54,5:12,,,,
feed,2024-03-01 01:10,,,Formula,bottle,5oz,
sleep,2024-02-29 23:24,2024-03-01 02:12,2:48,,,,
feed,2024-02-29 20:34,,,Bottle,bottle,3oz,
sleep,2024-02-29 20:14,2024-02-29 22:55,2:41,,,,
feed,2024-02-29 19:58,,,Bottle,bottle,6oz,
feed,2024-02-29 19:54,,,Formula,bottle,2oz,
feed,2024-02-29 19:37,,,Bottle,bottle,8oz,
feed,2024-02-29 18:32,,,Breast,,,
sleep,2024-02-29 16:13,2024-02-29 17:18,1:05,,,,
feed,2024-02-29 16:02,,,Formula,bottle,6oz,
sleep,2024-02-29 15:14,2024-02-29 15:58,0:44,,,,
sleep,2024-02-29 12:38,2024-02-29 13:55,1:17,,,,
feed,2024-02-29 12:23,,,Breast,,,
sleep,2024-02-29 12:22,2024-02-29 14:03,1:41,,,,
sleep,2024-02-29 10:42,2024-02-29 11:56,1:14,,,,
meds,2024-02-29 10:14,2024-02-29 10:14,,1ml,Vitamin D,,
sleep,2024-02-29 09:36,2024-02-29 10:19,0:43,,,,
meds,2024-02-29 09:26,2024-02-29 09:26,,2.5ml,Gripe Water,,
feed,2024-02-29 05:50,,,Breast,,,
sleep,2024-02-29 02:22,2024-02-29 08:07,5:45,,,,
feed,2024-02-28 23:59,,,Breast,,,
sleep,2024-02-28 23:04,2024-02-29 01:59,2:55,,,,
feed,2024-02-28 22:26,,,Breast,,,
sleep,2024-02-28 20:21,2024-02-28 22:43,2:22,,,,
feed,2024-02-28 18:45,,,Formula,bottle,8oz,
feed,2024-02-28 16:19,,,Bottle,bottle,3oz,
sleep,2024-02-28 15:04,2024-02-28 16:45,1:41,,,,
sleep,2024-02-28 14:06,2024-02-28 15:51,1:45,,,,
sleep,2024-02-28 13:51,2024-02-28 14:28,0:37,,,,
sleep,2024-02-28 09:53,2024-02-28 11:34,1:41,,,,
feed,2024-02-28 09:49,,,Formula,bottle,5oz,
sleep,2024-02-28 09:05,2024-02-28 09:51,0:46,,,,
feed,2024-02-28 08:46,,,Bottle,bottle,5oz,
meds,2024-02-28 08:39,2024-02-28 08:39,,1ml,Vitamin D,,
feed,2024-02-28 06:55,,,Formula,bottle,8oz,
sleep,2024-02-28 04:53,2024-02-28 07:52,2:59,,,,
feed,2024-02-28 02:29,,,Formula,bottle,3oz,
sleep,2024-02-28 02:25,2024-02-28 04:35,2:10,,,,
sleep,2024-02-27 23:52,2024-02-28 02:02,2:10,,,,
feed,2024-02-27 23:34,,,Formula,bottle,8oz,
sleep,2024-02-27 21:16,2024-02-27 23:39,2:23,,,,
feed,2024-02-27 19:27,,,Bottle,bottle,4oz,
feed,2024-02-27 18:59,,,Breast,,,
sleep,2024-02-27 18:26,2024-02-27 20:54,2:28,,,,
feed,2024-02-27 17:36,,,Formula,bottle,6oz,
sleep,2024-02-27 17:33,2024-02-27 19:00,1:27,,,,
sleep,2024-02-27 16:38,2024-02-27 18:03,1:25,,,,
feed,2024-02-27 15:58,,,Breast,,,
feed,2024-02-27 14:36,,,Formula,bottle,2oz,
sleep,2024-02-27 14:06,2024-02-27 15:03,0:57,,,,
sleep,2024-02-27 13:24,2024-02-27 15:04,1:40,,,,
sleep,2024-02-27 12:29,2024-02-27 14:22,1:53,,,,
sleep,2024-02-27 09:54,2024-02-27 11:47,1:53,,,,
feed,2024-02-27 09:52,,,Formula,bottle,6oz,
feed,2024-02-27 08:46,,,Bottle,bottle,4oz,
meds,2024-02-27 08:46,2024-02-27 08:46,,1ml,Vitamin D,,
feed,2024-02-27 05:19,,,Breast,,,
feed,2024-02-27 05:13,,,Bottle,bottle,5oz,
sleep,2024-02-27 01:01,2024-02-27 06:04,5:03,,,,
feed,2024-02-26 21:51,,,Formula,bottle,5oz,
sleep,2024-02-26 21:42,2024-02-27 00:31,2:49,,,,
sleep,2024-02-26 19:38,2024-02-26 21:24,1:46,,,,
sleep,2024-02-26 17:02,2024-02-26 17:42,0:40,,,,
sleep,2024-02-26 16:19,2024-02-26 16:58,0:39,,,,
feed,2024-02-26 16:07,,,Breast,,,
sleep,2024-02-26 15:54,2024-02-26 17:20,1:26,,,,
sleep,2024-02-26 15:41,2024-02-26 17:13,1:32,,,,
sleep,2024-02-26 14:27,2024-02-26 15:10,0:43,,,,
feed,2024-02-26 14:14,,,Bottle,bottle,4oz,
feed,2024-02-26 13:52,,,Formula,bottle,6oz,
feed,2024-02-26 12:12,,,Breast,,,
meds,2024-02-26 09:48,2024-02-26 09:48,,1ml,Vitamin D,,
feed,2024-02-26 09:19,,,Breast,,,
sleep,2024-02-26 08:03,2024-02-26 10:00,1:57,,,,
sleep,2024-02-26 06:27,2024-02-26 08:07,1:40,,,,
feed,2024-02-26 05:05,,,Breast,,,
sleep,2024-02-26 04:20,2024-02-26 06:03,1:43,,,,
feed,2024-02-26 03:05,,,Bottle,bottle,8oz,
feed,2024-02-26 02:57,,,Bottle,bottle,3oz,
feed,2024-02-26 02:21,,,Formula,bottle,5oz,
sleep,2024-02-26 01:17,2024-02-26 03:52,2:35,,,,
feed,2024-02-26 01:04,,,Formula,bottle,4oz,
sleep,2024-02-25 22:29,2024-02-26 00:56,2:27,,,,
sleep,2024-02-25 20:26,2024-02-25 22:04,1:38,,,,
feed,2024-02-25 18:22,,,Bottle,bottle,5oz,
feed,2024-02-25 18:05,,,Breast,,,
feed,2024-02-25 17:29,,,Formula,bottle,2oz,
feed,2024-02-25 15:54,,,Breast,,,
sleep,2024-02-25 13:01,2024-02-25 13:47,0:46,,,,
feed,2024-02-25 12:44,,,Formula,bottle,5oz,
feed,2024-02-25 11:58,,,Formula,bottle,3oz,
sleep,2024-02-25 11:37,2024-02-25 12:13,0:36,,,,
feed,2024-02-25 10:32,,,Formula,bottle,6oz,
meds,2024-02-25 09:40,2024-02-25 09:40,,1ml,Vitamin D,,
feed,2024-02-25 09:22,,,Breast,,,
sleep,2024-02-25 08:22,2024-02-25 09:25,1:03,,,,
sleep,2024-02-25 08:08,2024-02-25 09:00,0:52,,,,
feed,2024-02-25 06:58,,,Breast,,,
feed,2024-02-25 04:39,,,Breast,,,
feed,2024-02-25 03:21,,,Breast,,,
sleep,2024-02-25 01:39,2024-02-25 08:00,6:21,,,,
sleep,2024-02-24 23:22,2024-02-25 01:24,2:02,,,,
feed,2024-02-24 21:37,,,Formula,bottle,3oz,
sleep,2024-02-24 21:09,2024-02-24 22:55,1:46,,,,
feed,2024-02-24 19:28,,,Formula,bottle,8oz,
sleep,2024-02-24 18:50,2024-02-24 20:55,2:05,,,,
sleep,2024-02-24 17:13,2024-02-24 18:25,1:12,,,,
sleep,2024-02-24 16:13,2024-02-24 17:12,0:59,,,,
feed,2024-02-24 15:42,,,Breast,,,
feed,2024-02-24 12:35,,,Breast,,,
feed,2024-02-24 11:26,,,Bottle,bottle,5oz,
sleep,2024-02-24 11:08,2024-02-24 12:05,0:57,,,,
feed,2024-02-24 11:07,,,Bottle,bottle,4oz,
sleep,2024-02-24 09:53,2024-02-24 11:38,1:45,,,,
meds,2024-02-24 09:27,2024-02-24 09:27,,1ml,Vitamin D,,
feed,2024-02-24 07:25,,,Breast,,,
feed,2024-02-24 04:30,,,Formula,bottle,5oz,
sleep,2024-02-24 04:22,2024-02-24 07:05,2:43,,,,
feed,2024-02-24 03:37,,,Formula,bottle,6oz,
sleep,2024-02-24 01:26,2024-02-24 04:12,2:46,,,,
feed,2024-02-23 23:55,,,Bottle,bottle,8oz,
sleep,2024-02-23 22:04,2024-02-24 00:56,2:52,,,,
sleep,2024-02-23 18:54,2024-02-23 21:48,2:54,,,,
feed,2024-02-23 18:24,,,Bottle,bottle,4oz,
sleep,2024-02-23 15:28,2024-02-23 16:22,0:54,,,,
sleep,2024-02-23 13:34,2024-02-23 14:39,1:05,,,,
feed,2024-02-23 13:23,,,Breast,,,
sleep,2024-02-23 13:13,2024-02-23 14:33,1:20,,,,
feed,2024-02-23 13:08,,,Breast,,,
sleep,2024-02-23 13:06,2024-02-23 13:43,0:37,,,,
sleep,2024-02-23 12:02,2024-02-23 13:17,1:15,,,,
sleep,2024-02-23 11:54,2024-02-23 13:46,1:52,,,,
meds,2024-02-23 09:25,2024-02-23 09:25,,1ml,Vitamin D,,
feed,2024-02-23 09:16,,,Formula,bottle,4oz,
feed,2024-02-23 08:24,,,Breast,,,
feed,2024-02-23 08:24,,,Formula,bottle,4oz,
sleep,2024-02-23 04:43,2024-02-23 08:26,3:43,,,,
feed,2024-02-23 03:18,,,Breast,,,
sleep,2024-02-23 02:36,2024-02-23 04:18,1:42,,,,
feed,2024-02-23 01:44,,,Formula,bottle,2oz,
sleep,2024-02-22 23:43,2024-02-23 02:06,2:23,,,,
sleep,2024-02-22 20:44,2024-02-22 23:29,2:45,,,,
feed,2024-02-22 19:12,,,Formula,bottle,4oz,
feed,2024-02-22 18:39,,,Breast,,,
feed,2024-02-22 17:35,,,Formula,bottle,6oz,
feed,2024-02-22 15:21,,,Formula,bottle,3oz,
sleep,2024-02-22 15:07,2024-02-22 17:02,1:55,,,,
feed,2024-02-22 14:16,,,Breast,,,
sleep,2024-02-22 14:07,2024-02-22 15:24,1:17,,,,
feed,2024-02-22 13:37,,,Breast,,,
sleep,2024-02-22 12:41,2024-02-22 14:09,1:28,,,,
sleep,2024-02-22 10:02,2024-02-22 11:21,1:19,,,,
meds,2024-02-22 09:44,2024-02-22 09:44,,1ml,Vitamin D,,
feed,2024-02-22 09:19,,,Bottle,bottle,8oz,
sleep,2024-02-22 09:15,2024-02-22 10:02,0:47,,,,
feed,2024-02-22 09:07,,,Breast,,,
feed,2024-02-22 08:29,,,Bottle,bottle,2oz,
feed,2024-02-22 08:25,,,Breast,,,
sleep,2024-02-22 08:19,2024-02-22 09:57,1:38,,,,
sleep,2024-02-22 03:40,2024-02-22 06:39,2:59,,,,
sleep,2024-02-22 00:36,2024-02-22 03:28,2:52,,,,
feed,2024-02-21 23:26,,,Breast,,,
feed,2024-02-21 22:32,,,Bottle,bottle,8oz,
feed,2024-02-21 21:58,,,Formula,bottle,5oz,
feed,2024-02-21 21:39,,,Breast,,,
sleep,2024-02-21 21:31,2024-02-22 00:19,2:48,,,,
feed,2024-02-21 19:01,,,Formula,bottle,4oz,
feed,2024-02-21 18:34,,,Bottle,bottle,8oz,
sleep,2024-02-21 18:30,2024-02-21 21:11,2:41,,,,
sleep,2024-02-21 16:07,2024-02-21 18:03,1:56,,,,
sleep,2024-02-21 15:23,2024-02-21 16:06,0:43,,,,
sleep,2024-02-21 14:52,2024-02-21 16:09,1:17,,,,
feed,2024-02-21 14:48,,,Bottle,bottle,8oz,
sleep,2024-02-21 12:37,2024-02-21 14:28,1:51,,,,
meds,2024-02-21 09:14,2024-02-21 09:14,,1ml,Vitamin D,,
feed,2024-02-21 08:21,,,Breast,,,
feed,2024-02-21 07:24,,,Formula,bottle,4oz,
feed,2024-02-21 05:40,,,Bottle,bottle,6oz,
sleep,2024-02-21 02:29,2024-02-21 06:48,4:19,,,,
feed,2024-02-21 00:45,,,Bottle,bottle,5oz,
sleep,2024-02-21 00:26,2024-02-21 02:07,1:41,,,,
feed,2024-02-20 23:40,,,Formula,bottle,4oz,
sleep,2024-02-20 21:24,2024-02-21 00:05,2:41,,,,
feed,2024-02-20 19:12,,,Breast,,,
sleep,2024-02-20 19:04,2024-02-20 21:02,1:58,,,,
sleep,2024-02-20 16:58,2024-02-20 17:42,0:44,,,,
sleep,2024-02-20 16:56,2024-02-20 18:09,1:13,,,,
feed,2024-02-20 15:47,,,Bottle,bottle,6oz,
feed,2024-02-20 14:24,,,Bottle,bottle,5oz,
feed,2024-02-20 13:54,,,Bottle,bottle,3oz,
sleep,2024-02-20 13:33,2024-02-20 14:40,1:07,,,,
sleep,2024-02-20 12:53,2024-02-20 14:24,1:31,,,,
feed,2024-02-20 11:53,,,Bottle,bottle,8oz,
feed,2024-02-20 11:31,,,Bottle,bottle,5oz,
sleep,2024-02-20 10:50,2024-02-20 11:52,1:02,,,,
meds,2024-02-20 10:33,2024-02-20 10:33,,1ml,Vitamin D,,
sleep,2024-02-20 10:12,2024-02-20 11:03,0:51,,,,
feed,2024-02-20 09:09,,,Bottle,bottle,3oz,
sleep,2024-02-20 06:09,2024-02-20 07:50,1:41,,,,
sleep,2024-02-20 03:42,2024-02-20 05:49,2:07,,,,
feed,2024-02-20 03:35,,,Breast,,,
sleep,2024-02-20 01:44,2024-02-20 03:30,1:46,,,,
feed,2024-02-19 22:55,,,Breast,,,
sleep,2024-02-19 22:39,2024-02-20 01:23,2:44,,,,
feed,2024-02-19 21:41,,,Breast,,,
feed,2024-02-19 20:34,,,Breast,,,
sleep,2024-02-19 20:02,2024-02-19 22:28,2:26,,,,
feed,2024-02-19 17:59,,,Breast,,,
sleep,2024-02-19 15:53,2024-02-19 17:43,1:50,,,,
sleep,2024-02-19 13:14,2024-02-19 13:56,0:42,,,,
sleep,2024-02-19 12:49,2024-02-19 14:39,1:50,,,,
sleep,2024-02-19 12:43,2024-02-19 13:30,0:47,,,,
sleep,2024-02-19 11:39,2024-02-19 13:36,1:57,,,,
sleep,2024-02-19 11:38,2024-02-19 13:32,1:54,,,,
meds,2024-02-19 10:43,2024-02-19 10:43,,1ml,Vitamin D,,
feed,2024-02-19 10:33,,,Breast,,,
feed,2024-02-19 08:42,,,Bottle,bottle,2oz,
sleep,2024-02-19 06:17,2024-02-19 07:44,1:27,,,,
feed,2024-02-19 04:27,,,Breast,,,
feed,2024-02-19 04:07,,,Bottle,bottle,2oz,
feed,2024-02-19 03:57,,,Bottle,bottle,3oz,
feed,2024-02-19 03:39,,,Breast,,,
sleep,2024-02-19 03:24,2024-02-19 06:06,2:42,,,,
sleep,2024-02-19 01:09,2024-02-19 03:14,2:05,,,,
feed,2024-02-19 01:03,,,Formula,bottle,3oz,
sleep,2024-02-18 21:53,2024-02-19 00:47,2:54,,,,
feed,2024-02-18 20:48,,,Bottle,bottle,2oz,
sleep,2024-02-18 19:36,2024-02-18 21:43,2:07,,,,
sleep,2024-02-18 14:54,2024-02-18 16:37,1:43,,,,
sleep,2024-02-18 14:44,2024-02-18 16:02,1:18,,,,
feed,2024-02-18 13:28,,,Breast,,,
feed,2024-02-18 12:44,,,Bottle,bottle,5oz,
sleep,2024-02-18 12:40,2024-02-18 13:40,1:00,,,,
sleep,2024-02-18 12:29,2024-02-18 13:12,0:43,,,,
sleep,2024-02-18 12:12,2024-02-18 13:43,1:31,,,,
feed,2024-02-18 10:32,,,Breast,,,
meds,2024-02-18 10:27,2024-02-18 10:27,,1ml,Vitamin D,,
feed,2024-02-18 08:55,,,Breast,,,
feed,2024-02-18 07:37,,,Bottle,bottle,3oz,
feed,2024-02-18 03:42,,,Breast,,,
sleep,2024-02-18 00:54,2024-02-18 07:43,6:49,,,,
feed,2024-02-18 00:24,,,Formula,bottle,4oz,
sleep,2024-02-17 22:51,2024-02-18 00:30,1:39,,,,
feed,2024-02-17 21:49,,,Breast,,,
feed,2024-02-17 20:24,,,Breast,,,
sleep,2024-02-17 19:57,2024-02-17 22:36,2:39,,,,
feed,2024-02-17 19:29,,,Bottle,bottle,8oz,
feed,2024-02-17 18:12,,,Breast,,,
sleep,2024-02-17 17:09,2024-02-17 17:40,0:31,,,,
sleep,2024-02-17 14:39,2024-02-17 16:34,1:55,,,,
sleep,2024-02-17 11:31,2024-02-17 12:33,1:02,,,,
sleep,2024-02-17 11:29,2024-02-17 12:57,1:28,,,,
feed,2024-02-17 10:54,,,Bottle,bottle,3oz,
sleep,2024-02-17 10:11,2024-02-17 11:13,1:02,,,,
feed,2024-02-17 09:57,,,Breast,,,
sleep,2024-02-17 09:39,2024-02-17 11:30,1:51,,,,
feed,2024-02-17 09:02,,,Bottle,bottle,5oz,
meds,2024-02-17 08:07,2024-02-17 08:07,,1ml,Vitamin D,,
feed,2024-02-17 06:47,,,Bottle,bottle,8oz,
feed,2024-02-17 06:24,,,Breast,,,
feed,2024-02-17 01:56,,,Bottle,bottle,6oz,
sleep,2024-02-17 00:40,2024-02-17 07:09,6:29,,,,
feed,2024-02-16 23:51,,,Bottle,bottle,3oz,
sleep,2024-02-16 21:50,2024-02-17 00:12,2:22,,,,
feed,2024-02-16 21:21,,,Bottle,bottle,4oz,
sleep,2024-02-16 19:23,2024-02-16 21:24,2:01,,,,
feed,2024-02-16 18:16,,,Bottle,bottle,2oz,
meds,2024-02-16 14:01,2024-02-16 14:01,,2.5ml,Gas Relief Drops,,
feed,2024-02-16 12:37,,,Formula,bottle,6oz,
sleep,2024-02-16 12:14,2024-02-16 13:21,1:07,,,,
sleep,2024-02-16 11:40,2024-02-16 12:17,0:37,,,,
feed,2024-02-16 11:34,,,Formula,bottle,8oz,
feed,2024-02-16 11:04,,,Breast,,,
sleep,2024-02-16 10:44,2024-02-16 11:55,1:11,,,,
meds,2024-02-16 10:34,2024-02-16 10:34,,1ml,Vitamin D,,
sleep,2024-02-16 09:48,2024-02-16 10:23,0:35,,,,
sleep,2024-02-16 09:28,2024-02-16 10:01,0:33,,,,
sleep,2024-02-16 09:27,2024-02-16 10:35,1:08,,,,
feed,2024-02-16 09:07,,,Breast,,,
feed,2024-02-16 06:33,,,Bottle,bottle,5oz,
sleep,2024-02-16 06:32,2024-02-16 06:54,0:22,,,,
sleep,2024-02-16 04:13,2024-02-16 06:21,2:08,,,,
feed,2024-02-16 02:42,,,Bottle,bottle,3oz,
sleep,2024-02-16 00:58,2024-02-16 03:48,2:50,,,,
sleep,2024-02-15 22:20,2024-02-16 00:38,2:18,,,,
feed,2024-02-15 20:01,,,Formula,bottle,2oz,
sleep,2024-02-15 19:41,2024-02-15 21:53,2:12,,,,
feed,2024-02-15 17:17,,,Bottle,bottle,6oz,
feed,2024-02-15 16:17,,,Bottle,bottle,8oz,
sleep,2024-02-15 15:50,2024-02-15 17:48,1:58,,,,
sleep,2024-02-15 15:00,2024-02-15 16:49,1:49,,,,
feed,2024-02-15 12:21,,,Bottle,bottle,4oz,
feed,2024-02-15 12:10,,,Bottle,bottle,6oz,
meds,2024-02-15 10:31,2024-02-15 10:31,,1ml,Vitamin D,,
sleep,2024-02-15 10:26,2024-02-15 11:39,1:13,,,,
feed,2024-02-15 10:21,,,Bottle,bottle,2oz,
sleep,2024-02-15 10:04,2024-02-15 11:07,1:03,,,,
sleep,2024-02-15 06:57,2024-02-15 08:09,1:12,,,,
feed,2024-02-15 06:36,,,Bottle,bottle,5oz,
sleep,2024-02-15 04:51,2024-02-15 06:33,1:42,,,,
feed,2024-02-15 04:31,,,Bottle,bottle,6oz,
sleep,2024-02-15 01:46,2024-02-15 04:31,2:45,,,,
feed,2024-02-14 23:48,,,Breast,,,
feed,2024-02-14 23:36,,,Breast,,,
sleep,2024-02-14 23:34,2024-02-15 01:20,1:46,,,,
feed,2024-02-14 21:11,,,Formula,bottle,3oz,
sleep,2024-02-14 20:50,2024-02-14 23:23,2:33,,,,
feed,2024-02-14 20:47,,,Bottle,bottle,6oz,
meds,2024-02-14 20:45,2024-02-14 20:45,,2.5ml,Gripe Water,,
sleep,2024-02-14 14:14,2024-02-14 15:33,1:19,,,,
sleep,2024-02-14 14:02,2024-02-14 15:20,1:18,,,,
sleep,2024-02-14 13:47,2024-02-14 15:47,2:00,,,,
feed,2024-02-14 12:47,,,Breast,,,
sleep,2024-02-14 11:36,2024-02-14 13:06,1:30,,,,
feed,2024-02-14 09:54,,,Breast,,,
meds,2024-02-14 09:51,2024-02-14 09:51,,5ml,Tylenol,,
meds,2024-02-14 08:33,2024-02-14 08:33,,1ml,Vitamin D,,
feed,2024-02-14 08:28,,,Breast,,,
feed,2024-02-14 07:18,,,Breast,,,
feed,2024-02-14 05:49,,,Formula,bottle,5oz,
feed,2024-02-14 05:48,,,Formula,bottle,6oz,
sleep,2024-02-14 01:10,2024-02-14 08:48,7:38,,,,
feed,2024-02-13 23:51,,,Formula,bottle,8oz,
sleep,2024-02-13 22:22,2024-02-14 00:50,2:28,,,,
sleep,2024-02-13 19:21,2024-02-13 22:00,2:39,,,,
feed,2024-02-13 18:47,,,Formula,bottle,2oz,
feed,2024-02-13 17:44,,,Formula,bottle,4oz,
sleep,2024-02-13 17:37,2024-02-13 19:08,1:31,,,,
feed,2024-02-13 17:32,,,Formula,bottle,2oz,
sleep,2024-02-13 16:17,2024-02-13 17:55,1:38,,,,
feed,2024-02-13 16:02,,,Bottle,bottle,8oz,
feed,2024-02-13 15:58,,,Breast,,,
feed,2024-02-13 14:59,,,Formula,bottle,5oz,
feed,2024-02-13 14:26,,,Breast,,,
sleep,2024-02-13 14:21,2024-02-13 15:48,1:27,,,,
feed,2024-02-13 13:34,,,Bottle,bottle,8oz,
sleep,2024-02-13 12:53,2024-02-13 13:42,0:49,,,,
feed,2024-02-13 10:56,,,Formula,bottle,2oz,
sleep,2024-02-13 09:17,2024-02-13 10:49,1:32,,,,
meds,2024-02-13 08:44,2024-02-13 08:44,,1ml,Vitamin D,,
sleep,2024-02-13 08:18,2024-02-13 10:12,1:54,,,,
sleep,2024-02-13 06:32,2024-02-13 07:30,0:58,,,,
sleep,2024-02-13 03:20,2024-02-13 06:06,2:46,,,,
feed,2024-02-13 00:53,,,Formula,bottle,4oz,
sleep,2024-02-13 00:45,2024-02-13 03:04,2:19,,,,
sleep,2024-02-12 21:51,2024-02-13 00:31,2:40,,,,
feed,2024-02-12 21:35,,,Formula,bottle,4oz,
feed,2024-02-12 20:57,,,Breast,,,
feed,2024-02-12 20:54,,,Bottle,bottle,8oz,
sleep,2024-02-12 19:26,2024-02-12 21:27,2:01,,,,
feed,2024-02-12 14:20,,,Formula,bottle,8oz,
sleep,2024-02-12 14:05,2024-02-12 16:05,2:00,,,,
feed,2024-02-12 13:21,,,Formula,bottle,6oz,
meds,2024-02-12 13:10,2024-02-12 13:10,,2.5ml,Gas Relief Drops,,
sleep,2024-02-12 11:53,2024-02-12 13:28,1:35,,,,
feed,2024-02-12 10:47,,,Formula,bottle,3oz,
meds,2024-02-12 10:21,2024-02-12 10:21,,1ml,Vitamin D,,
sleep,2024-02-12 09:41,2024-02-12 10:48,1:07,,,,
sleep,2024-02-12 09:29,2024-02-12 11:02,1:33,,,,
sleep,2024-02-12 08:35,2024-02-12 09:24,0:49,,,,
feed,2024-02-12 06:59,,,Formula,bottle,6oz,
feed,2024-02-12 06:09,,,Formula,bottle,6oz,
feed,2024-02-12 06:05,,,Breast,,,
feed,2024-02-12 05:42,,,Formula,bottle,8oz,
sleep,2024-02-12 02:57,2024-02-12 08:31,5:34,,,,
feed,2024-02-12 01:02,,,Bottle,bottle,3oz,
sleep,2024-02-12 00:42,2024-02-12 02:42,2:00,,,,
feed,2024-02-12 00:06,,,Breast,,,
feed,2024-02-11 23:24,,,Bottle,bottle,8oz,
feed,2024-02-11 21:56,,,Bottle,bottle,5oz,
sleep,2024-02-11 21:23,2024-02-12 00:13,2:50,,,,
feed,2024-02-11 19:42,,,Formula,bottle,4oz,
sleep,2024-02-11 19:28,2024-02-11 21:13,1:45,,,,
sleep,2024-02-11 17:48,2024-02-11 18:34,0:46,,,,
meds,2024-02-11 17:03,2024-02-11 17:03,,2.5ml,Gas Relief Drops,,
sleep,2024-02-11 16:23,2024-02-11 18:03,1:40,,,,
sleep,2024-02-11 15:48,2024-02-11 16:52,1:04,,,,
sleep,2024-02-11 15:40,2024-02-11 16:36,0:56,,,,
feed,2024-02-11 14:57,,,Formula,bottle,3oz,
meds,2024-02-11 09:28,2024-02-11 09:28,,1ml,Vitamin D,,
sleep,2024-02-11 08:12,2024-02-11 08:48,0:36,,,,
feed,2024-02-11 04:34,,,Formula,bottle,4oz,
feed,2024-02-11 02:59,,,Formula,bottle,3oz,
sleep,2024-02-11 02:32,2024-02-11 07:20,4:48,,,,
feed,2024-02-11 02:05,,,Breast,,,
feed,2024-02-11 01:53,,,Bottle,bottle,4oz,
feed,2024-02-11 00:59,,,Formula,bottle,2oz,
feed,2024-02-11 00:49,,,Breast,,,
feed,2024-02-10 23:13,,,Formula,bottle,3oz,
sleep,2024-02-10 23:11,2024-02-11 02:05,2:54,,,,
feed,2024-02-10 23:07,,,Formula,bottle,4oz,
feed,2024-02-10 21:15,,,Bottle,bottle,6oz,
sleep,2024-02-10 20:26,2024-02-10 23:01,2:35,,,,
sleep,2024-02-10 18:20,2024-02-10 20:04,1:44,,,,
feed,2024-02-10 15:20,,,Bottle,bottle,8oz,
sleep,2024-02-10 15:18,2024-02-10 16:46,1:28,,,,
feed,2024-02-10 15:16,,,Formula,bottle,8oz,
sleep,2024-02-10 14:44,2024-02-10 15:18,0:34,,,,
feed,2024-02-10 14:23,,,Breast,,,
feed,2024-02-10 14:06,,,Breast,,,
sleep,2024-02-10 13:20,2024-02-10 15:00,1:40,,,,
sleep,2024-02-10 10:21,2024-02-10 11:42,1:21,,,,
sleep,2024-02-10 09:54,2024-02-10 11:48,1:54,,,,
feed,2024-02-10 08:52,,,Bottle,bottle,5oz,
meds,2024-02-10 08:49,2024-02-10 08:49,,1ml,Vitamin D,,
sleep,2024-02-10 06:22,2024-02-10 08:28,2:06,,,,
sleep,2024-02-10 04:16,2024-02-10 05:57,1:41,,,,
feed,2024-02-10 03:34,,,Bottle,bottle,5oz,
sleep,2024-02-10 01:00,2024-02-10 03:51,2:51,,,,
sleep,2024-02-09 21:53,2024-02-10 00:37,2:44,,,,
feed,2024-02-09 21:01,,,Breast,,,
meds,2024-02-09 20:34,2024-02-09 20:34,,2.5ml,Gripe Water,,
sleep,2024-02-09 19:33,2024-02-09 21:38,2:05,,,,
feed,2024-02-09 19:24,,,Formula,bottle,4oz,
feed,2024-02-09 17:39,,,Breast,,,
sleep,2024-02-09 17:37,2024-02-09 18:29,0:52,,,,
feed,2024-02-09 16:33,,,Breast,,,
feed,2024-02-09 16:31,,,Formula,bottle,2oz,
feed,2024-02-09 13:44,,,Bottle,bottle,6oz,
sleep,2024-02-09 13:38,2024-02-09 14:13,0:35,,,,
sleep,2024-02-09 12:01,2024-02-09 13:44,1:43,,,,
feed,2024-02-09 11:28,,,Formula,bottle,6oz,
meds,2024-02-09 09:34,2024-02-09 09:34,,1ml,Vitamin D,,
sleep,2024-02-09 09:14,2024-02-09 10:18,1:04,,,,
sleep,2024-02-09 08:48,2024-02-09 10:44,1:56,,,,
feed,2024-02-09 07:42,,,Formula,bottle,2oz,
feed,2024-02-09 06:28,,,Formula,bottle,5oz,
feed,2024-02-09 04:22,,,Formula,bottle,6oz,
sleep,2024-02-09 01:07,2024-02-09 08:31,7:24,,,,
sleep,2024-02-08 22:10,2024-02-09 00:56,2:46,,,,
sleep,2024-02-08 19:32,2024-02-08 21:58,2:26,,,,
sleep,2024-02-08 17:58,2024-02-08 19:19,1:21,,,,
feed,2024-02-08 17:43,,,Formula,bottle,8oz,
feed,2024-02-08 17:09,,,Breast,,,
feed,2024-02-08 16:20,,,Formula,bottle,5oz,
feed,2024-02-08 15:59,,,Bottle,bottle,8oz,
feed,2024-02-08 13:03,,,Formula,bottle,2oz,
feed,2024-02-08 12:53,,,Breast,,,
sleep,2024-02-08 12:38,2024-02-08 14:37,1:59,,,,
sleep,2024-02-08 12:28,2024-02-08 13:36,1:08,,,,
meds,2024-02-08 11:27,2024-02-08 11:27,,2.5ml,Gas Relief Drops,,
meds,2024-02-08 10:49,2024-02-08 10:49,,1ml,Vitamin D,,
sleep,2024-02-08 09:29,2024-02-08 11:27,1:58,,,,
feed,2024-02-08 07:15,,,Bottle,bottle,5oz,
feed,2024-02-08 05:56,,,Formula,bottle,8oz,
sleep,2024-02-08 05:37,2024-02-08 06:27,0:50,,,,
feed,2024-02-08 03:50,,,Breast,,,
sleep,2024-02-08 03:37,2024-02-08 05:25,1:48,,,,
sleep,2024-02-08 01:30,2024-02-08 03:19,1:49,,,,
feed,2024-02-08 01:27,,,Breast,,,
sleep,2024-02-07 23:02,2024-02-08 01:00,1:58,,,,
sleep,2024-02-07 20:51,2024-02-07 22:35,1:44,,,,
sleep,2024-02-07 17:30,2024-02-07 19:15,1:45,,,,
feed,2024-02-07 16:03,,,Bottle,bottle,4oz,
sleep,2024-02-07 15:04,2024-02-07 16:54,1:50,,,,
feed,2024-02-07 14:17,,,Formula,bottle,8oz,
sleep,2024-02-07 12:44,2024-02-07 13:47,1:03,,,,
sleep,2024-02-07 12:02,2024-02-07 13:01,0:59,,,,
feed,2024-02-07 11:27,,,Breast,,,
sleep,2024-02-07 11:18,2024-02-07 13:15,1:57,,,,
feed,2024-02-07 10:48,,,Bottle,bottle,4oz,
feed,2024-02-07 09:42,,,Bottle,bottle,6oz,
feed,2024-02-07 09:20,,,Formula,bottle,2oz,
meds,2024-02-07 08:51,2024-02-07 08:51,,1ml,Vitamin D,,
feed,2024-02-07 06:02,,,Formula,bottle,4oz,
feed,2024-02-07 02:43,,,Formula,bottle,6oz,
sleep,2024-02-07 02:29,2024-02-07 08:05,5:36,,,,
feed,2024-02-07 02:27,,,Bottle,bottle,5oz,
feed,2024-02-07 02:18,,,Breast,,,
sleep,2024-02-07 00:36,2024-02-07 02:06,1:30,,,,
sleep,2024-02-06 22:42,2024-02-07 00:21,1:39,,,,
feed,2024-02-06 21:00,,,Breast,,,
sleep,2024-02-06 20:23,2024-02-06 22:15,1:52,,,,
feed,2024-02-06 18:58,,,Formula,bottle,6oz,
sleep,2024-02-06 18:16,2024-02-06 20:06,1:50,,,,
feed,2024-02-06 18:01,,,Breast,,,
sleep,2024-02-06 17:27,2024-02-06 19:17,1:50,,,,
sleep,2024-02-06 16:24,2024-02-06 17:20,0:56,,,,
sleep,2024-02-06 15:58,2024-02-06 16:40,0:42,,,,
feed,2024-02-06 15:52,,,Breast,,,
sleep,2024-02-06 15:19,2024-02-06 17:07,1:48,,,,
feed,2024-02-06 13:21,,,Formula,bottle,5oz,
sleep,2024-02-06 12:36,2024-02-06 13:13,0:37,,,,
feed,2024-02-06 12:05,,,Formula,bottle,2oz,
sleep,2024-02-06 11:49,2024-02-06 13:38,1:49,,,,
meds,2024-02-06 09:44,2024-02-06 09:44,,1ml,Vitamin D,,
feed,2024-02-06 06:37,,,Breast,,,
feed,2024-02-06 06:00,,,Bottle,bottle,6oz,
feed,2024-02-06 04:01,,,Breast,,,
feed,2024-02-06 03:38,,,Breast,,,
sleep,2024-02-06 01:10,2024-02-06 08:19,7:09,,,,
feed,2024-02-05 22:25,,,Formula,bottle,4oz,
sleep,2024-02-05 22:18,2024-02-06 00:41,2:23,,,,
feed,2024-02-05 20:25,,,Bottle,bottle,2oz,
sleep,2024-02-05 20:06,2024-02-05 21:51,1:45,,,,
sleep,2024-02-05 18:09,2024-02-05 19:49,1:40,,,,
sleep,2024-02-05 15:30,2024-02-05 16:06,0:36,,,,
feed,2024-02-05 15:22,,,Bottle,bottle,8oz,
sleep,2024-02-05 15:21,2024-02-05 17:18,1:57,,,,
sleep,2024-02-05 15:07,2024-02-05 16:57,1:50,,,,
feed,2024-02-05 14:19,,,Bottle,bottle,4oz,
sleep,2024-02-05 12:55,2024-02-05 14:38,1:43,,,,
feed,2024-02-05 11:55,,,Formula,bottle,3oz,
sleep,2024-02-05 10:03,2024-02-05 10:42,0:39,,,,
sleep,2024-02-05 09:25,2024-02-05 10:57,1:32,,,,
feed,2024-02-05 08:58,,,Formula,bottle,3oz,
meds,2024-02-05 08:30,2024-02-05 08:30,,1ml,Vitamin D,,
feed,2024-02-05 08:19,,,Formula,bottle,6oz,
feed,2024-02-05 04:52,,,Breast,,,
feed,2024-02-05 03:06,,,Formula,bottle,4oz,
sleep,2024-02-05 02:32,2024-02-05 06:35,4:03,,,,
feed,2024-02-05 01:29,,,Bottle,bottle,6oz,
feed,2024-02-05 01:07,,,Bottle,bottle,2oz,
sleep,2024-02-05 00:39,2024-02-05 02:22,1:43,,,,
sleep,2024-02-04 21:23,2024-02-05 00:14,2:51,,,,
feed,2024-02-04 20:11,,,Breast,,,
sleep,2024-02-04 19:02,2024-02-04 21:09,2:07,,,,
sleep,2024-02-04 17:48,2024-02-04 18:34,0:46,,,,
feed,2024-02-04 17:20,,,Formula,bottle,6oz,
sleep,2024-02-04 16:38,2024-02-04 18:16,1:38,,,,
feed,2024-02-04 15:10,,,Formula,bottle,4oz,
feed,2024-02-04 13:51,,,Breast,,,
sleep,2024-02-04 12:46,2024-02-04 14:46,2:00,,,,
sleep,2024-02-04 12:06,2024-02-04 12:37,0:31,,,,
sleep,2024-02-04 11:23,2024-02-04 12:31,1:08,,,,
sleep,2024-02-04 11:18,2024-02-04 12:10,0:52,,,,
feed,2024-02-04 09:33,,,Formula,bottle,5oz,
feed,2024-02-04 07:51,,,Bottle,bottle,3oz,
feed,2024-02-04 06:05,,,Bottle,bottle,8oz,
sleep,2024-02-04 04:46,2024-02-04 07:14,2:28,,,,
feed,2024-02-04 03:01,,,Breast,,,
feed,2024-02-04 02:39,,,Bottle,bottle,8oz,
sleep,2024-02-04 02:36,2024-02-04 04:30,1:54,,,,
feed,2024-02-04 01:35,,,Bottle,bottle,4oz,
feed,2024-02-04 01:18,,,Breast,,,
sleep,2024-02-03 23:43,2024-02-04 02:21,2:38,,,,
feed,2024-02-03 22:06,,,Bottle,bottle,2oz,
sleep,2024-02-03 21:20,2024-02-03 23:30,2:10,,,,
sleep,2024-02-03 19:19,2024-02-03 21:04,1:45,,,,
feed,2024-02-03 18:34,,,Bottle,bottle,2oz,
sleep,2024-02-03 17:23,2024-02-03 18:51,1:28,,,,
feed,2024-02-03 16:53,,,Breast,,,
sleep,2024-02-03 16:22,2024-02-03 18:21,1:59,,,,
feed,2024-02-03 16:05,,,Formula,bottle,3oz,
sleep,2024-02-03 15:35,2024-02-03 16:50,1:15,,,,
sleep,2024-02-03 14:47,2024-02-03 15:59,1:12,,,,
feed,2024-02-03 13:36,,,Bottle,bottle,2oz,
sleep,2024-02-03 11:19,2024-02-03 12:59,1:40,,,,
meds,2024-02-03 09:56,2024-02-03 09:56,,1ml,Vitamin D,,
feed,2024-02-03 09:03,,,Breast,,,
feed,2024-02-03 08:38,,,Breast,,,
feed,2024-02-03 06:52,,,Formula,bottle,3oz,
feed,2024-02-03 06:45,,,Bottle,bottle,5oz,
feed,2024-02-03 05:40,,,Breast,,,
sleep,2024-02-03 03:34,2024-02-03 08:45,5:11,,,,
feed,2024-02-03 02:59,,,Formula,bottle,6oz,
sleep,2024-02-03 01:10,2024-02-03 03:17,2:07,,,,
feed,2024-02-03 00:55,,,Formula,bottle,8oz,
sleep,2024-02-02 23:26,2024-02-03 00:58,1:32,,,,
sleep,2024-02-02 20:30,2024-02-02 23:02,2:32,,,,
feed,2024-02-02 19:51,,,Bottle,bottle,4oz,
sleep,2024-02-02 17:44,2024-02-02 18:44,1:00,,,,
feed,2024-02-02 17:14,,,Breast,,,
feed,2024-02-02 16:56,,,Breast,,,
sleep,2024-02-02 12:56,2024-02-02 14:37,1:41,,,,
sleep,2024-02-02 12:35,2024-02-02 14:07,1:32,,,,
feed,2024-02-02 11:40,,,Breast,,,
feed,2024-02-02 11:20,,,Breast,,,
sleep,2024-02-02 11:05,2024-02-02 12:27,1:22,,,,
feed,2024-02-02 09:31,,,Formula,bottle,2oz,
meds,2024-02-02 08:54,2024-02-02 08:54,,1ml,Vitamin D,,
sleep,2024-02-02 08:33,2024-02-02 09:33,1:00,,,,
feed,2024-02-02 06:05,,,Bottle,bottle,8oz,
sleep,2024-02-02 03:53,2024-02-02 07:01,3:08,,,,
feed,2024-02-02 02:45,,,Breast,,,
feed,2024-02-02 02:43,,,Bottle,bottle,8oz,
sleep,2024-02-02 01:35,2024-02-02 03:32,1:57,,,,
feed,2024-02-02 01:06,,,Formula,bottle,3oz,
feed,2024-02-02 00:57,,,Formula,bottle,4oz,
feed,2024-02-02 00:11,,,Breast,,,
feed,2024-02-01 23:28,,,Formula,bottle,6oz,
sleep,2024-02-01 23:17,2024-02-02 01:10,1:53,,,,
sleep,2024-02-01 20:24,2024-02-01 22:57,2:33,,,,
feed,2024-02-01 19:01,,,Bottle,bottle,8oz,
sleep,2024-02-01 17:17,2024-02-01 19:05,1:48,,,,
feed,2024-02-01 16:58,,,Bottle,bottle,2oz,
feed,2024-02-01 15:50,,,Bottle,bottle,8oz,
sleep,2024-02-01 14:52,2024-02-01 16:34,1:42,,,,
feed,2024-02-01 14:16,,,Bottle,bottle,5oz,
sleep,2024-02-01 13:54,2024-02-01 15:23,1:29,,,,
feed,2024-02-01 13:07,,,Formula,bottle,2oz,
sleep,2024-02-01 11:53,2024-02-01 12:54,1:01,,,,
feed,2024-02-01 11:23,,,Bottle,bottle,5oz,
meds,2024-02-01 11:07,2024-02-01 11:07,,5ml,Tylenol,,
sleep,2024-02-01 09:17,2024-02-01 10:44,1:27,,,,
meds,2024-02-01 09:01,2024-02-01 09:01,,1ml,Vitamin D,,
sleep,2024-02-01 06:36,2024-02-01 07:45,1:09,,,,
feed,2024-02-01 04:31,,,Formula,bottle,5oz,
sleep,2024-02-01 03:21,2024-02-01 06:09,2:48,,,,
feed,2024-02-01 00:43,,,Bottle,bottle,4oz,
sleep,2024-02-01 00:10,2024-02-01 03:03,2:53,,,,
sleep,2024-01-31 21:52,2024-01-31 23:44,1:52,,,,
feed,2024-01-31 21:13,,,Breast,,,
feed,2024-01-31 20:15,,,Bottle,bottle,4oz,
sleep,2024-01-31 19:40,2024-01-31 21:29,1:49,,,,
sleep,2024-01-31 17:50,2024-01-31 19:15,1:25,,,,
feed,2024-01-31 17:37,,,Breast,,,
sleep,2024-01-31 16:41,2024-01-31 17:24,0:43,,,,
sleep,2024-01-31 16:27,2024-01-31 17:59,1:32,,,,
feed,2024-01-31 15:07,,,Formula,bottle,6oz,
feed,2024-01-31 14:20,,,Bottle,bottle,5oz,
feed,2024-01-31 14:02,,,Bottle,bottle,5oz,
sleep,2024-01-31 13:04,2024-01-31 14:27,1:23,,,,
sleep,2024-01-31 09:50,2024-01-31 10:21,0:31,,,,
sleep,2024-01-31 08:22,2024-01-31 09:35,1:13,,,,
meds,2024-01-31 08:20,2024-01-31 08:20,,1ml,Vitamin D,,
sleep,2024-01-31 07:09,2024-01-31 07:25,0:16,,,,
feed,2024-01-31 06:37,,,Breast,,,
feed,2024-01-31 05:32,,,Bottle,bottle,6oz,
sleep,2024-01-31 04:34,2024-01-31 06:50,2:16,,,,
sleep,2024-01-31 02:20,2024-01-31 04:21,2:01,,,,
feed,2024-01-31 00:21,,,Bottle,bottle,4oz,
feed,2024-01-31 00:17,,,Breast,,,
feed,2024-01-30 23:50,,,Bottle,bottle,3oz,
feed,2024-01-30 23:45,,,Bottle,bottle,8oz,
sleep,2024-01-30 23:05,2024-01-31 01:50,2:45,,,,
feed,2024-01-30 23:03,,,Formula,bottle,3oz,
feed,2024-01-30 21:09,,,Formula,bottle,5oz,
sleep,2024-01-30 20:58,2024-01-30 22:53,1:55,,,,
feed,2024-01-30 18:00,,,Breast,,,
sleep,2024-01-30 17:38,2024-01-30 19:21,1:43,,,,
feed,2024-01-30 14:46,,,Formula,bottle,2oz,
sleep,2024-01-30 13:10,2024-01-30 14:19,1:09,,,,
sleep,2024-01-30 12:49,2024-01-30 13:22,0:33,,,,
feed,2024-01-30 12:48,,,Formula,bottle,2oz,
feed,2024-01-30 11:57,,,Breast,,,
sleep,2024-01-30 10:19,2024-01-30 12:03,1:44,,,,
sleep,2024-01-30 09:49,2024-01-30 10:32,0:43,,,,
meds,2024-01-30 09:08,2024-01-30 09:08,,1ml,Vitamin D,,
sleep,2024-01-30 00:21,2024-01-30 06:30,6:09,,,,
sleep,2024-01-29 21:23,2024-01-30 00:05,2:42,,,,
feed,2024-01-29 20:38,,,Breast,,,
sleep,2024-01-29 18:15,2024-01-29 21:10,2:55,,,,
sleep,2024-01-29 16:03,2024-01-29 17:52,1:49,,,,
sleep,2024-01-29 15:01,2024-01-29 15:33,0:32,,,,
feed,2024-01-29 14:26,,,Breast,,,
feed,2024-01-29 13:53,,,Breast,,,
sleep,2024-01-29 13:14,2024-01-29 14:09,0:55,,,,
feed,2024-01-29 10:12,,,Breast,,,
sleep,2024-01-29 09:49,2024-01-29 10:50,1:01,,,,
sleep,2024-01-29 08:48,2024-01-29 09:21,0:33,,,,
meds,2024-01-29 08:07,2024-01-29 08:07,,1ml,Vitamin D,,
feed,2024-01-29 06:25,,,Formula,bottle,3oz,
feed,2024-01-29 04:47,,,Bottle,bottle,4oz,
sleep,2024-01-29 04:21,2024-01-29 07:24,3:03,,,,
feed,2024-01-29 03:37,,,Bottle,bottle,8oz,
feed,2024-01-29 03:03,,,Bottle,bottle,8oz,
sleep,2024-01-29 01:53,2024-01-29 03:58,2:05,,,,
feed,2024-01-28 23:26,,,Formula,bottle,5oz,
sleep,2024-01-28 23:18,2024-01-29 01:31,2:13,,,,
sleep,2024-01-28 20:30,2024-01-28 22:58,2:28,,,,
feed,2024-01-28 19:39,,,Formula,bottle,5oz,
sleep,2024-01-28 18:03,2024-01-28 20:14,2:11,,,,
sleep,2024-01-28 17:42,2024-01-28 19:11,1:29,,,,
feed,2024-01-28 16:16,,,Formula,bottle,2oz,
sleep,2024-01-28 16:01,2024-01-28 16:48,0:47,,,,
feed,2024-01-28 15:44,,,Bottle,bottle,6oz,
sleep,2024-01-28 14:37,2024-01-28 16:01,1:24,,,,
feed,2024-01-28 14:12,,,Formula,bottle,8oz,
feed,2024-01-28 10:02,,,Formula,bottle,5oz,
meds,2024-01-28 08:34,2024-01-28 08:34,,1ml,Vitamin D,,
sleep,2024-01-28 08:05,2024-01-28 09:57,1:52,,,,
feed,2024-01-28 08:05,,,Breast,,,
feed,2024-01-28 06:57,,,Formula,bottle,6oz,
feed,2024-01-28 06:21,,,Breast,,,
sleep,2024-01-28 00:33,2024-01-28 07:21,6:48,,,,
feed,2024-01-28 00:07,,,Breast,,,
sleep,2024-01-27 22:18,2024-01-28 00:09,1:51,,,,
feed,2024-01-27 21:59,,,Breast,,,
sleep,2024-01-27 19:01,2024-01-27 21:56,2:55,,,,
sleep,2024-01-27 17:57,2024-01-27 19:22,1:25,,,,
sleep,2024-01-27 16:51,2024-01-27 17:55,1:04,,,,
feed,2024-01-27 16:00,,,Formula,bottle,6oz,
feed,2024-01-27 15:19,,,Breast,,,
sleep,2024-01-27 14:54,2024-01-27 15:52,0:58,,,,
sleep,2024-01-27 14:34,2024-01-27 16:06,1:32,,,,
feed,2024-01-27 14:23,,,Bottle,bottle,6oz,
sleep,2024-01-27 13:19,2024-01-27 14:17,0:58,,,,
feed,2024-01-27 09:16,,,Breast,,,
meds,2024-01-27 08:14,2024-01-27 08:14,,1ml,Vitamin D,,
feed,2024-01-27 02:52,,,Formula,bottle,8oz,
feed,2024-01-27 02:11,,,Breast,,,
feed,2024-01-27 01:22,,,Breast,,,
sleep,2024-01-27 00:12,2024-01-27 07:24,7:12,,,,
sleep,2024-01-26 21:07,2024-01-26 23:50,2:43,,,,
feed,2024-01-26 18:19,,,Bottle,bottle,4oz,
sleep,2024-01-26 18:13,2024-01-26 20:57,2:44,,,,
feed,2024-01-26 17:27,,,Breast,,,
feed,2024-01-26 14:32,,,Breast,,,
sleep,2024-01-26 14:26,2024-01-26 15:49,1:23,,,,
sleep,2024-01-26 11:24,2024-01-26 12:53,1:29,,,,
sleep,2024-01-26 11:04,2024-01-26 12:43,1:39,,,,
sleep,2024-01-26 10:45,2024-01-26 11:57,1:12,,,,
meds,2024-01-26 09:24,2024-01-26 09:24,,1ml,Vitamin D,,
feed,2024-01-26 06:25,,,Breast,,,
sleep,2024-01-26 05:54,2024-01-26 07:28,1:34,,,,
feed,2024-01-26 05:33,,,Bottle,bottle,3oz,
feed,2024-01-26 03:43,,,Bottle,bottle,5oz,
sleep,2024-01-26 03:03,2024-01-26 05:42,2:39,,,,
feed,2024-01-26 01:24,,,Breast,,,
sleep,2024-01-26 00:31,2024-01-26 02:43,2:12,,,,
feed,2024-01-26 00:01,,,Breast,,,
feed,2024-01-25 22:42,,,Bottle,bottle,3oz,
sleep,2024-01-25 22:13,2024-01-26 00:13,2:00,,,,
feed,2024-01-25 20:46,,,Breast,,,
sleep,2024-01-25 20:15,2024-01-25 21:54,1:39,,,,
feed,2024-01-25 19:36,,,Bottle,bottle,6oz,
feed,2024-01-25 17:55,,,Formula,bottle,5oz,
sleep,2024-01-25 16:28,2024-01-25 18:00,1:32,,,,
sleep,2024-01-25 16:27,2024-01-25 18:03,1:36,,,,
sleep,2024-01-25 15:39,2024-01-25 16:44,1:05,,,,
sleep,2024-01-25 15:28,2024-01-25 17:19,1:51,,,,
feed,2024-01-25 14:17,,,Formula,bottle,6oz,
sleep,2024-01-25 13:48,2024-01-25 14:49,1:01,,,,
feed,2024-01-25 12:46,,,Breast,,,
sleep,2024-01-25 10:47,2024-01-25 11:50,1:03,,,,
feed,2024-01-25 10:14,,,Formula,bottle,8oz,
feed,2024-01-25 09:35,,,Formula,bottle,4oz,
feed,2024-01-25 08:55,,,Formula,bottle,2oz,
meds,2024-01-25 08:05,2024-01-25 08:05,,1ml,Vitamin D,,
feed,2024-01-25 04:51,,,Bottle,bottle,6oz,
sleep,2024-01-25 01:47,2024-01-25 06:29,4:42,,,,
feed,2024-01-25 00:56,,,Formula,bottle,8oz,
feed,2024-01-24 23:53,,,Breast,,,
feed,2024-01-24 23:38,,,Formula,bottle,8oz,
feed,2024-01-24 23:10,,,Breast,,,
sleep,2024-01-24 22:26,2024-01-25 01:21,2:55,,,,
sleep,2024-01-24 20:15,2024-01-24 22:02,1:47,,,,
feed,2024-01-24 16:48,,,Breast,,,
sleep,2024-01-24 14:14,2024-01-24 14:50,0:36,,,,
feed,2024-01-24 11:59,,,Formula,bottle,6oz,
sleep,2024-01-24 10:51,2024-01-24 12:20,1:29,,,,
meds,2024-01-24 10:23,2024-01-24 10:23,,1ml,Vitamin D,,
sleep,2024-01-24 09:49,2024-01-24 11:25,1:36,,,,
sleep,2024-01-24 08:57,2024-01-24 10:56,1:59,,,,
feed,2024-01-24 07:41,,,Breast,,,
feed,2024-01-24 02:57,,,Formula,bottle,5oz,
sleep,2024-01-24 02:52,2024-01-24 06:45,3:53,,,,
feed,2024-01-24 00:35,,,Formula,bottle,3oz,
feed,2024-01-24 00:29,,,Formula,bottle,5oz,
sleep,2024-01-23 23:57,2024-01-24 02:30,2:33,,,,
feed,2024-01-23 23:31,,,Formula,bottle,5oz,
feed,2024-01-23 22:57,,,Breast,,,
feed,2024-01-23 20:55,,,Formula,bottle,4oz,
sleep,2024-01-23 20:36,2024-01-23 23:35,2:59,,,,
feed,2024-01-23 19:26,,,Breast,,,
feed,2024-01-23 17:43,,,Breast,,,
sleep,2024-01-23 12:14,2024-01-23 13:37,1:23,,,,
feed,2024-01-23 11:42,,,Breast,,,
sleep,2024-01-23 11:30,2024-01-23 12:58,1:28,,,,
sleep,2024-01-23 11:09,2024-01-23 11:48,0:39,,,,
feed,2024-01-23 11:05,,,Bottle,bottle,6oz,
meds,2024-01-23 09:44,2024-01-23 09:44,,1ml,Vitamin D,,
feed,2024-01-23 08:51,,,Bottle,bottle,2oz,
sleep,2024-01-23 08:02,2024-01-23 09:50,1:48,,,,
feed,2024-01-23 07:20,,,Formula,bottle,5oz,
feed,2024-01-23 07:07,,,Formula,bottle,6oz,
sleep,2024-01-23 05:40,2024-01-23 07:50,2:10,,,,
feed,2024-01-23 03:50,,,Breast,,,
sleep,2024-01-23 02:31,2024-01-23 05:20,2:49,,,,
feed,2024-01-23 00:28,,,Formula,bottle,4oz,
sleep,2024-01-22 23:07,2024-01-23 02:01,2:54,,,,
sleep,2024-01-22 20:35,2024-01-22 22:41,2:06,,,,
sleep,2024-01-22 18:32,2024-01-22 20:23,1:51,,,,
sleep,2024-01-22 17:38,2024-01-22 19:34,1:56,,,,
sleep,2024-01-22 16:53,2024-01-22 18:19,1:26,,,,
feed,2024-01-22 15:44,,,Formula,bottle,2oz,
sleep,2024-01-22 14:50,2024-01-22 16:16,1:26,,,,
feed,2024-01-22 12:37,,,Bottle,bottle,5oz,
sleep,2024-01-22 12:25,2024-01-22 13:54,1:29,,,,
sleep,2024-01-22 12:13,2024-01-22 13:24,1:11,,,,
feed,2024-01-22 12:02,,,Bottle,bottle,8oz,
meds,2024-01-22 11:35,2024-01-22 11:35,,2.5ml,Gas Relief Drops,,
feed,2024-01-22 10:59,,,Breast,,,
meds,2024-01-22 10:52,2024-01-22 10:52,,1ml,Vitamin D,,
feed,2024-01-22 10:13,,,Bottle,bottle,3oz,
feed,2024-01-22 10:07,,,Breast,,,
feed,2024-01-22 09:00,,,Breast,,,
sleep,2024-01-22 08:19,2024-01-22 10:12,1:53,,,,
sleep,2024-01-22 05:03,2024-01-22 08:08,3:05,,,,
feed,2024-01-22 03:56,,,Formula,bottle,5oz,
feed,2024-01-22 02:18,,,Breast,,,
sleep,2024-01-22 01:52,2024-01-22 04:48,2:56,,,,
feed,2024-01-22 01:47,,,Breast,,,
feed,2024-01-22 00:18,,,Bottle,bottle,4oz,
feed,2024-01-21 22:37,,,Formula,bottle,3oz,
sleep,2024-01-21 22:35,2024-01-22 01:30,2:55,,,,
feed,2024-01-21 20:21,,,Bottle,bottle,3oz,
sleep,2024-01-21 20:18,2024-01-21 22:12,1:54,,,,
feed,2024-01-21 20:00,,,Breast,,,
feed,2024-01-21 17:52,,,Formula,bottle,4oz,
feed,2024-01-21 14:45,,,Bottle,bottle,6oz,
sleep,2024-01-21 13:42,2024-01-21 15:03,1:21,,,,
sleep,2024-01-21 13:39,2024-01-21 14:50,1:11,,,,
sleep,2024-01-21 12:32,2024-01-21 13:54,1:22,,,,
feed,2024-01-21 12:21,,,Formula,bottle,6oz,
sleep,2024-01-21 09:46,2024-01-21 11:41,1:55,,,,
sleep,2024-01-21 09:42,2024-01-21 10:51,1:09,,,,
meds,2024-01-21 09:05,2024-01-21 09:05,,1ml,Vitamin D,,
feed,2024-01-21 07:57,,,Breast,,,
feed,2024-01-21 05:57,,,Breast,,,
feed,2024-01-21 02:46,,,Breast,,,
feed,2024-01-21 00:09,,,Formula,bottle,6oz,
sleep,2024-01-20 23:52,2024-01-21 08:27,8:35,,,,
feed,2024-01-20 22:44,,,Bottle,bottle,4oz,
feed,2024-01-20 21:23,,,Bottle,bottle,6oz,
sleep,2024-01-20 20:58,2024-01-20 23:36,2:38,,,,
feed,2024-01-20 20:23,,,Bottle,bottle,8oz,
feed,2024-01-20 19:28,,,Bottle,bottle,5oz,
feed,2024-01-20 19:08,,,Formula,bottle,3oz,
sleep,2024-01-20 19:02,2024-01-20 20:32,1:30,,,,
sleep,2024-01-20 17:32,2024-01-20 18:26,0:54,,,,
sleep,2024-01-20 17:27,2024-01-20 19:10,1:43,,,,
feed,2024-01-20 16:52,,,Formula,bottle,2oz,
feed,2024-01-20 15:37,,,Formula,bottle,4oz,
sleep,2024-01-20 13:46,2024-01-20 15:05,1:19,,,,
sleep,2024-01-20 13:27,2024-01-20 14:11,0:44,,,,
feed,2024-01-20 09:34,,,Formula,bottle,5oz,
meds,2024-01-20 08:42,2024-01-20 08:42,,1ml,Vitamin D,,
sleep,2024-01-20 03:59,2024-01-20 08:21,4:22,,,,
feed,2024-01-20 02:48,,,Breast,,,
feed,2024-01-20 02:42,,,Breast,,,
feed,2024-01-20 02:23,,,Breast,,,
sleep,2024-01-20 00:57,2024-01-20 03:41,2:44,,,,
feed,2024-01-19 23:21,,,Breast,,,
sleep,2024-01-19 22:39,2024-01-20 00:42,2:03,,,,
sleep,2024-01-19 20:53,2024-01-19 22:26,1:33,,,,
feed,2024-01-19 20:14,,,Breast,,,
feed,2024-01-19 18:32,,,Bottle,bottle,2oz,
sleep,2024-01-19 13:17,2024-01-19 14:38,1:21,,,,
sleep,2024-01-19 11:25,2024-01-19 13:00,1:35,,,,
sleep,2024-01-19 11:14,2024-01-19 13:06,1:52,,,,
sleep,2024-01-19 09:49,2024-01-19 11:03,1:14,,,,
feed,2024-01-19 09:45,,,Bottle,bottle,5oz,
meds,2024-01-19 09:19,2024-01-19 09:19,,1ml,Vitamin D,,
sleep,2024-01-19 08:42,2024-01-19 09:47,1:05,,,,
feed,2024-01-19 08:09,,,Breast,,,
feed,2024-01-19 05:03,,,Formula,bottle,4oz,
feed,2024-01-19 04:57,,,Bottle,bottle,2oz,
feed,2024-01-19 03:28,,,Breast,,,
sleep,2024-01-18 23:30,2024-01-19 06:54,7:24,,,,
feed,2024-01-18 22:28,,,Bottle,bottle,8oz,
feed,2024-01-18 21:51,,,Formula,bottle,6oz,
sleep,2024-01-18 21:11,2024-01-18 23:06,1:55,,,,
feed,2024-01-18 20:49,,,Bottle,bottle,4oz,
sleep,2024-01-18 18:24,2024-01-18 20:54,2:30,,,,
feed,2024-01-18 17:57,,,Breast,,,
feed,2024-01-18 16:32,,,Formula,bottle,8oz,
feed,2024-01-18 15:46,,,Breast,,,
sleep,2024-01-18 14:01,2024-01-18 16:00,1:59,,,,
sleep,2024-01-18 13:50,2024-01-18 14:40,0:50,,,,
feed,2024-01-18 12:54,,,Formula,bottle,6oz,
feed,2024-01-18 12:49,,,Bottle,bottle,5oz,
sleep,2024-01-18 11:55,2024-01-18 12:59,1:04,,,,
sleep,2024-01-18 10:56,2024-01-18 11:57,1:01,,,,
sleep,2024-01-18 10:51,2024-01-18 12:46,1:55,,,,
sleep,2024-01-18 10:47,2024-01-18 12:09,1:22,,,,
meds,2024-01-18 10:21,2024-01-18 10:21,,1ml,Vitamin D,,
feed,2024-01-18 09:12,,,Bottle,bottle,6oz,
feed,2024-01-18 08:49,,,Formula,bottle,3oz,
sleep,2024-01-18 01:48,2024-01-18 08:06,6:18,,,,
feed,2024-01-18 01:01,,,Bottle,bottle,8oz,
feed,2024-01-18 00:10,,,Bottle,bottle,4oz,
sleep,2024-01-17 22:57,2024-01-18 01:19,2:22,,,,
sleep,2024-01-17 20:15,2024-01-17 22:30,2:15,,,,
feed,2024-01-17 17:07,,,Formula,bottle,2oz,
sleep,2024-01-17 16:09,2024-01-17 17:05,0:56,,,,
feed,2024-01-17 14:18,,,Formula,bottle,4oz,
sleep,2024-01-17 14:08,2024-01-17 15:23,1:15,,,,
sleep,2024-01-17 13:37,2024-01-17 14:12,0:35,,,,
feed,2024-01-17 13:27,,,Breast,,,
feed,2024-01-17 13:21,,,Bottle,bottle,5oz,
feed,2024-01-17 11:36,,,Formula,bottle,5oz,
feed,2024-01-17 11:32,,,Bottle,bottle,4oz,
sleep,2024-01-17 10:34,2024-01-17 11:50,1:16,,,,
sleep,2024-01-17 09:04,2024-01-17 10:13,1:09,,,,
sleep,2024-01-17 08:53,2024-01-17 09:28,0:35,,,,
feed,2024-01-17 05:57,,,Bottle,bottle,6oz,
sleep,2024-01-17 04:23,2024-01-17 06:40,2:17,,,,
feed,2024-01-17 03:31,,,Breast,,,
feed,2024-01-17 03:28,,,Formula,bottle,3oz,
sleep,2024-01-17 01:00,2024-01-17 04:00,3:00,,,,
feed,2024-01-16 23:05,,,Formula,bottle,2oz,
feed,2024-01-16 22:56,,,Formula,bottle,2oz,
sleep,2024-01-16 22:07,2024-01-17 00:33,2:26,,,,
feed,2024-01-16 21:27,,,Formula,bottle,4oz,
sleep,2024-01-16 19:49,2024-01-16 21:52,2:03,,,,
feed,2024-01-16 18:20,,,Bottle,bottle,5oz,
sleep,2024-01-16 17:13,2024-01-16 17:43,0:30,,,,
feed,2024-01-16 17:01,,,Breast,,,
sleep,2024-01-16 15:16,2024-01-16 15:51,0:35,,,,
feed,2024-01-16 14:46,,,Formula,bottle,2oz,
sleep,2024-01-16 13:13,2024-01-16 14:18,1:05,,,,
sleep,2024-01-16 12:32,2024-01-16 13:56,1:24,,,,
feed,2024-01-16 11:18,,,Formula,bottle,5oz,
meds,2024-01-16 08:54,2024-01-16 08:54,,1ml,Vitamin D,,
sleep,2024-01-16 08:05,2024-01-16 09:56,1:51,,,,
sleep,2024-01-16 03:15,2024-01-16 08:06,4:51,,,,
feed,2024-01-16 00:39,,,Breast,,,
feed,2024-01-16 00:27,,,Bottle,bottle,4oz,
sleep,2024-01-16 00:21,2024-01-16 03:01,2:40,,,,
feed,2024-01-16 00:03,,,Formula,bottle,4oz,
sleep,2024-01-15 22:24,2024-01-16 00:08,1:44,,,,
feed,2024-01-15 20:32,,,Breast,,,
sleep,2024-01-15 20:19,2024-01-15 22:06,1:47,,,,
sleep,2024-01-15 16:45,2024-01-15 18:40,1:55,,,,
feed,2024-01-15 16:25,,,Formula,bottle,6oz,
sleep,2024-01-15 15:53,2024-01-15 16:24,0:31,,,,
sleep,2024-01-15 12:39,2024-01-15 14:16,1:37,,,,
meds,2024-01-15 12:11,2024-01-15 12:11,,2.5ml,Gas Relief Drops,,
sleep,2024-01-15 12:10,2024-01-15 14:03,1:53,,,,
feed,2024-01-15 10:23,,,Bottle,bottle,6oz,
meds,2024-01-15 10:04,2024-01-15 10:04,,1ml,Vitamin D,,
feed,2024-01-15 08:44,,,Breast,,,
feed,2024-01-15 07:31,,,Bottle,bottle,8oz,
sleep,2024-01-15 04:51,2024-01-15 08:06,3:15,,,,
feed,2024-01-15 03:25,,,Breast,,,
feed,2024-01-15 03:07,,,Bottle,bottle,2oz,
sleep,2024-01-15 02:25,2024-01-15 04:39,2:14,,,,
feed,2024-01-15 02:08,,,Formula,bottle,2oz,
feed,2024-01-15 00:58,,,Bottle,bottle,2oz,
feed,2024-01-15 00:40,,,Breast,,,
feed,2024-01-15 00:15,,,Bottle,bottle,6oz,
sleep,2024-01-15 00:08,2024-01-15 02:11,2:03,,,,
feed,2024-01-14 22:20,,,Formula,bottle,2oz,
sleep,2024-01-14 21:45,2024-01-14 23:42,1:57,,,,
feed,2024-01-14 20:45,,,Breast,,,
sleep,2024-01-14 19:39,2024-01-14 21:18,1:39,,,,
feed,2024-01-14 19:11,,,Breast,,,
feed,2024-01-14 18:26,,,Bottle,bottle,3oz,
sleep,2024-01-14 17:33,2024-01-14 18:04,0:31,,,,
feed,2024-01-14 15:51,,,Formula,bottle,2oz,
sleep,2024-01-14 13:59,2024-01-14 14:38,0:39,,,,
feed,2024-01-14 13:42,,,Bottle,bottle,3oz,
sleep,2024-01-14 13:15,2024-01-14 14:25,1:10,,,,
sleep,2024-01-14 12:25,2024-01-14 13:53,1:28,,,,
sleep,2024-01-14 12:13,2024-01-14 13:21,1:08,,,,
feed,2024-01-14 11:37,,,Breast,,,
sleep,2024-01-14 10:42,2024-01-14 12:34,1:52,,,,
feed,2024-01-14 10:29,,,Bottle,bottle,5oz,
meds,2024-01-14 08:59,2024-01-14 08:59,,1ml,Vitamin D,,
feed,2024-01-14 08:25,,,Formula,bottle,5oz,
feed,2024-01-14 05:40,,,Bottle,bottle,3oz,
sleep,2024-01-14 04:44,2024-01-14 06:56,2:12,,,,
sleep,2024-01-14 02:41,2024-01-14 04:21,1:40,,,,
sleep,2024-01-14 00:37,2024-01-14 02:12,1:35,,,,
feed,2024-01-13 22:05,,,Bottle,bottle,3oz,
sleep,2024-01-13 21:24,2024-01-14 00:08,2:44,,,,
sleep,2024-01-13 18:25,2024-01-13 21:07,2:42,,,,
meds,2024-01-13 17:30,2024-01-13 17:30,,2.5ml,Gripe Water,,
sleep,2024-01-13 16:10,2024-01-13 18:06,1:56,,,,
sleep,2024-01-13 15:32,2024-01-13 16:10,0:38,,,,
feed,2024-01-13 14:03,,,Bottle,bottle,8oz,
sleep,2024-01-13 13:03,2024-01-13 14:49,1:46,,,,
feed,2024-01-13 10:54,,,Bottle,bottle,6oz,
meds,2024-01-13 10:45,2024-01-13 10:45,,1ml,Vitamin D,,
sleep,2024-01-13 08:47,2024-01-13 09:25,0:38,,,,
sleep,2024-01-13 08:37,2024-01-13 09:30,0:53,,,,
sleep,2024-01-13 08:32,2024-01-13 09:12,0:40,,,,
feed,2024-01-13 07:57,,,Breast,,,
feed,2024-01-13 06:39,,,Formula,bottle,2oz,
feed,2024-01-13 06:15,,,Breast,,,
sleep,2024-01-13 05:23,2024-01-13 08:50,3:27,,,,
feed,2024-01-13 03:59,,,Breast,,,
feed,2024-01-13 03:26,,,Formula,bottle,2oz,
sleep,2024-01-13 03:18,2024-01-13 04:55,1:37,,,,
sleep,2024-01-13 00:55,2024-01-13 03:02,2:07,,,,
feed,2024-01-13 00:40,,,Breast,,,
feed,2024-01-12 23:13,,,Bottle,bottle,4oz,
sleep,2024-01-12 22:50,2024-01-13 00:39,1:49,,,,
feed,2024-01-12 21:45,,,Breast,,,
feed,2024-01-12 21:34,,,Breast,,,
sleep,2024-01-12 19:44,2024-01-12 22:25,2:41,,,,
feed,2024-01-12 17:41,,,Bottle,bottle,4oz,
feed,2024-01-12 15:30,,,Breast,,,
sleep,2024-01-12 15:13,2024-01-12 16:19,1:06,,,,
sleep,2024-01-12 14:57,2024-01-12 16:25,1:28,,,,
feed,2024-01-12 14:44,,,Breast,,,
sleep,2024-01-12 14:31,2024-01-12 15:34,1:03,,,,
feed,2024-01-12 13:30,,,Formula,bottle,4oz,
sleep,2024-01-12 11:10,2024-01-12 12:29,1:19,,,,
meds,2024-01-12 09:36,2024-01-12 09:36,,1ml,Vitamin D,,
sleep,2024-01-12 08:10,2024-01-12 08:40,0:30,,,,
sleep,2024-01-12 08:05,2024-01-12 09:23,1:18,,,,
feed,2024-01-12 03:42,,,Breast,,,
feed,2024-01-12 03:00,,,Formula,bottle,2oz,
feed,2024-01-12 02:43,,,Breast,,,
feed,2024-01-12 02:18,,,Breast,,,
sleep,2024-01-12 02:10,2024-01-12 07:29,5:19,,,,
sleep,2024-01-12 00:17,2024-01-12 01:59,1:42,,,,
feed,2024-01-11 23:32,,,Formula,bottle,6oz,
sleep,2024-01-11 21:24,2024-01-11 23:50,2:26,,,,
sleep,2024-01-11 19:11,2024-01-11 21:12,2:01,,,,
feed,2024-01-11 16:11,,,Formula,bottle,8oz,
feed,2024-01-11 15:24,,,Formula,bottle,6oz,
sleep,2024-01-11 14:46,2024-01-11 15:33,0:47,,,,
sleep,2024-01-11 13:51,2024-01-11 15:18,1:27,,,,
feed,2024-01-11 13:19,,,Breast,,,
feed,2024-01-11 11:08,,,Bottle,bottle,5oz,
sleep,2024-01-11 09:15,2024-01-11 10:53,1:38,,,,
meds,2024-01-11 09:10,2024-01-11 09:10,,1ml,Vitamin D,,
sleep,2024-01-11 09:03,2024-01-11 09:57,0:54,,,,
feed,2024-01-11 08:57,,,Bottle,bottle,8oz,
feed,2024-01-11 08:53,,,Breast,,,
sleep,2024-01-11 08:43,2024-01-11 09:37,0:54,,,,
meds,2024-01-11 08:37,2024-01-11 08:37,,5ml,Tylenol,,
sleep,2024-01-11 05:43,2024-01-11 07:51,2:08,,,,
feed,2024-01-11 03:53,,,Bottle,bottle,4oz,
feed,2024-01-11 03:53,,,Breast,,,
sleep,2024-01-11 03:05,2024-01-11 05:20,2:15,,,,
sleep,2024-01-10 23:48,2024-01-11 02:42,2:54,,,,
sleep,2024-01-10 21:53,2024-01-10 23:35,1:42,,,,
sleep,2024-01-10 19:15,2024-01-10 21:37,2:22,,,,
feed,2024-01-10 18:18,,,Bottle,bottle,6oz,
sleep,2024-01-10 16:15,2024-01-10 17:58,1:43,,,,
feed,2024-01-10 14:20,,,Bottle,bottle,8oz,
feed,2024-01-10 14:11,,,Breast,,,
feed,2024-01-10 13:15,,,Breast,,,
sleep,2024-01-10 13:04,2024-01-10 14:47,1:43,,,,
feed,2024-01-10 12:44,,,Breast,,,
sleep,2024-01-10 12:42,2024-01-10 13:28,0:46,,,,
feed,2024-01-10 11:21,,,Breast,,,
feed,2024-01-10 11:19,,,Formula,bottle,3oz,
feed,2024-01-10 11:06,,,Breast,,,
meds,2024-01-10 10:43,2024-01-10 10:43,,1ml,Vitamin D,,
sleep,2024-01-10 09:57,2024-01-10 11:36,1:39,,,,
feed,2024-01-10 09:53,,,Breast,,,
sleep,2024-01-10 08:55,2024-01-10 09:52,0:57,,,,
sleep,2024-01-10 08:14,2024-01-10 09:46,1:32,,,,
feed,2024-01-10 06:15,,,Bottle,bottle,8oz,
feed,2024-01-09 23:51,,,Breast,,,
sleep,2024-01-09 23:21,2024-01-10 08:14,8:53,,,,
sleep,2024-01-09 21:39,2024-01-09 23:09,1:30,,,,
feed,2024-01-09 20:44,,,Breast,,,
feed,2024-01-09 20:14,,,Formula,bottle,5oz,
feed,2024-01-09 19:50,,,Formula,bottle,8oz,
sleep,2024-01-09 18:37,2024-01-09 21:22,2:45,,,,
sleep,2024-01-09 16:48,2024-01-09 18:01,1:13,,,,
sleep,2024-01-09 16:28,2024-01-09 17:06,0:38,,,,
feed,2024-01-09 16:03,,,Formula,bottle,5oz,
sleep,2024-01-09 13:28,2024-01-09 14:26,0:58,,,,
sleep,2024-01-09 12:25,2024-01-09 13:26,1:01,,,,
sleep,2024-01-09 11:45,2024-01-09 12:30,0:45,,,,
meds,2024-01-09 10:29,2024-01-09 10:29,,1ml,Vitamin D,,
feed,2024-01-09 08:10,,,Breast,,,
feed,2024-01-09 06:12,,,Formula,bottle,4oz,
feed,2024-01-09 02:57,,,Formula,bottle,5oz,
sleep,2024-01-08 23:57,2024-01-09 07:35,7:38,,,,
feed,2024-01-08 23:35,,,Breast,,,
feed,2024-01-08 23:30,,,Bottle,bottle,8oz,
feed,2024-01-08 23:13,,,Breast,,,
feed,2024-01-08 22:21,,,Bottle,bottle,8oz,
sleep,2024-01-08 20:51,2024-01-08 23:28,2:37,,,,
sleep,2024-01-08 18:42,2024-01-08 20:33,1:51,,,,
feed,2024-01-08 18:42,,,Bottle,bottle,8oz,
sleep,2024-01-08 17:05,2024-01-08 17:51,0:46,,,,
feed,2024-01-08 15:40,,,Breast,,,
feed,2024-01-08 14:19,,,Bottle,bottle,6oz,
feed,2024-01-08 14:19,,,Breast,,,
sleep,2024-01-08 13:56,2024-01-08 15:34,1:38,,,,
sleep,2024-01-08 12:15,2024-01-08 12:53,0:38,,,,
meds,2024-01-08 10:44,2024-01-08 10:44,,1ml,Vitamin D,,
sleep,2024-01-08 09:59,2024-01-08 11:31,1:32,,,,
sleep,2024-01-08 08:15,2024-01-08 08:55,0:40,,,,
feed,2024-01-08 07:00,,,Bottle,bottle,5oz,
sleep,2024-01-08 04:22,2024-01-08 06:23,2:01,,,,
feed,2024-01-08 04:20,,,Bottle,bottle,5oz,
feed,2024-01-08 04:18,,,Formula,bottle,6oz,
sleep,2024-01-08 01:16,2024-01-08 04:02,2:46,,,,
sleep,2024-01-07 22:29,2024-01-08 01:06,2:37,,,,
sleep,2024-01-07 20:12,2024-01-07 22:02,1:50,,,,
feed,2024-01-07 18:39,,,Bottle,bottle,2oz,
feed,2024-01-07 13:12,,,Bottle,bottle,4oz,
sleep,2024-01-07 12:32,2024-01-07 14:06,1:34,,,,
feed,2024-01-07 12:27,,,Formula,bottle,5oz,
feed,2024-01-07 12:09,,,Breast,,,
sleep,2024-01-07 10:32,2024-01-07 12:23,1:51,,,,
feed,2024-01-07 10:16,,,Breast,,,
sleep,2024-01-07 09:55,2024-01-07 11:03,1:08,,,,
sleep,2024-01-07 08:46,2024-01-07 10:36,1:50,,,,
meds,2024-01-07 08:02,2024-01-07 08:02,,1ml,Vitamin D,,
feed,2024-01-07 07:07,,,Breast,,,
feed,2024-01-07 07:00,,,Breast,,,
sleep,2024-01-07 05:37,2024-01-07 08:07,2:30,,,,
feed,2024-01-07 05:24,,,Bottle,bottle,3oz,
feed,2024-01-07 03:44,,,Breast,,,
feed,2024-01-07 03:21,,,Bottle,bottle,6oz,
sleep,2024-01-07 03:07,2024-01-07 05:14,2:07,,,,
feed,2024-01-07 03:00,,,Bottle,bottle,3oz,
sleep,2024-01-07 00:41,2024-01-07 02:54,2:13,,,,
feed,2024-01-06 23:03,,,Breast,,,
sleep,2024-01-06 22:07,2024-01-07 00:11,2:04,,,,
feed,2024-01-06 21:14,,,Formula,bottle,3oz,
sleep,2024-01-06 18:43,2024-01-06 21:40,2:57,,,,
feed,2024-01-06 18:26,,,Bottle,bottle,4oz,
sleep,2024-01-06 14:38,2024-01-06 15:40,1:02,,,,
sleep,2024-01-06 14:38,2024-01-06 16:18,1:40,,,,
feed,2024-01-06 12:14,,,Bottle,bottle,2oz,
feed,2024-01-06 11:12,,,Bottle,bottle,6oz,
feed,2024-01-06 11:03,,,Bottle,bottle,6oz,
sleep,2024-01-06 10:50,2024-01-06 12:27,1:37,,,,
feed,2024-01-06 10:25,,,Breast,,,
sleep,2024-01-06 09:24,2024-01-06 10:53,1:29,,,,
feed,2024-01-06 09:14,,,Breast,,,
meds,2024-01-06 08:30,2024-01-06 08:30,,1ml,Vitamin D,,
feed,2024-01-06 06:45,,,Breast,,,
feed,2024-01-06 06:24,,,Breast,,,
feed,2024-01-06 05:50,,,Formula,bottle,6oz,
feed,2024-01-06 05:34,,,Breast,,,
sleep,2024-01-06 05:17,2024-01-06 08:25,3:08,,,,
sleep,2024-01-06 03:28,2024-01-06 05:04,1:36,,,,
sleep,2024-01-06 00:43,2024-01-06 03:16,2:33,,,,
feed,2024-01-05 23:01,,,Formula,bottle,4oz,
feed,2024-01-05 22:34,,,Bottle,bottle,6oz,
sleep,2024-01-05 22:30,2024-01-06 00:17,1:47,,,,
feed,2024-01-05 22:29,,,Breast,,,
sleep,2024-01-05 19:57,2024-01-05 22:13,2:16,,,,
sleep,2024-01-05 15:25,2024-01-05 17:09,1:44,,,,
feed,2024-01-05 15:16,,,Bottle,bottle,5oz,
sleep,2024-01-05 15:09,2024-01-05 16:12,1:03,,,,
sleep,2024-01-05 12:08,2024-01-05 13:46,1:38,,,,
sleep,2024-01-05 11:47,2024-01-05 13:28,1:41,,,,
feed,2024-01-05 10:54,,,Bottle,bottle,3oz,
feed,2024-01-05 10:07,,,Breast,,,
meds,2024-01-05 09:06,2024-01-05 09:06,,1ml,Vitamin D,,
sleep,2024-01-05 05:49,2024-01-05 06:14,0:25,,,,
feed,2024-01-05 03:57,,,Bottle,bottle,2oz,
feed,2024-01-05 03:08,,,Formula,bottle,2oz,
sleep,2024-01-05 02:47,2024-01-05 05:29,2:42,,,,
sleep,2024-01-05 00:53,2024-01-05 02:31,1:38,,,,
feed,2024-01-04 23:23,,,Breast,,,
feed,2024-01-04 22:27,,,Bottle,bottle,2oz,
sleep,2024-01-04 22:14,2024-01-05 00:35,2:21,,,,
sleep,2024-01-04 20:20,2024-01-04 21:54,1:34,,,,
sleep,2024-01-04 15:24,2024-01-04 16:22,0:58,,,,
feed,2024-01-04 13:38,,,Formula,bottle,5oz,
sleep,2024-01-04 12:59,2024-01-04 14:40,1:41,,,,
sleep,2024-01-04 11:10,2024-01-04 13:08,1:58,,,,
sleep,2024-01-04 10:34,2024-01-04 12:25,1:51,,,,
meds,2024-01-04 09:39,2024-01-04 09:39,,1ml,Vitamin D,,
feed,2024-01-04 09:31,,,Bottle,bottle,6oz,
sleep,2024-01-04 06:21,2024-01-04 08:53,2:32,,,,
feed,2024-01-04 04:41,,,Breast,,,
feed,2024-01-04 02:55,,,Bottle,bottle,4oz,
sleep,2024-01-04 02:52,2024-01-04 05:51,2:59,,,,
feed,2024-01-04 02:22,,,Breast,,,
feed,2024-01-04 01:30,,,Bottle,bottle,8oz,
sleep,2024-01-04 00:38,2024-01-04 02:34,1:56,,,,
feed,2024-01-03 23:21,,,Bottle,bottle,8oz,
sleep,2024-01-03 22:00,2024-01-04 00:17,2:17,,,,
feed,2024-01-03 21:44,,,Breast,,,
feed,2024-01-03 20:57,,,Bottle,bottle,6oz,
sleep,2024-01-03 19:29,2024-01-03 21:45,2:16,,,,
feed,2024-01-03 19:29,,,Breast,,,
sleep,2024-01-03 17:56,2024-01-03 19:14,1:18,,,,
feed,2024-01-03 14:10,,,Formula,bottle,8oz,
sleep,2024-01-03 13:36,2024-01-03 14:18,0:42,,,,
sleep,2024-01-03 11:49,2024-01-03 12:48,0:59,,,,
sleep,2024-01-03 11:45,2024-01-03 12:25,0:40,,,,
feed,2024-01-03 10:33,,,Bottle,bottle,4oz,
meds,2024-01-03 09:37,2024-01-03 09:37,,1ml,Vitamin D,,
sleep,2024-01-03 09:02,2024-01-03 10:09,1:07,,,,
feed,2024-01-03 04:54,,,Formula,bottle,2oz,
feed,2024-01-03 03:54,,,Breast,,,
sleep,2024-01-03 03:45,2024-01-03 07:38,3:53,,,,
sleep,2024-01-03 01:38,2024-01-03 03:18,1:40,,,,
sleep,2024-01-02 23:31,2024-01-03 01:16,1:45,,,,
sleep,2024-01-02 20:36,2024-01-02 23:04,2:28,,,,
sleep,2024-01-02 18:22,2024-01-02 20:25,2:03,,,,
feed,2024-01-02 18:11,,,Bottle,bottle,8oz,
feed,2024-01-02 16:17,,,Bottle,bottle,8oz,
feed,2024-01-02 15:08,,,Breast,,,
sleep,2024-01-02 14:21,2024-01-02 15:39,1:18,,,,
sleep,2024-01-02 12:51,2024-01-02 13:32,0:41,,,,
feed,2024-01-02 12:38,,,Bottle,bottle,6oz,
sleep,2024-01-02 12:09,2024-01-02 12:52,0:43,,,,
feed,2024-01-02 12:04,,,Breast,,,
meds,2024-01-02 10:49,2024-01-02 10:49,,5ml,Tylenol,,
sleep,2024-01-02 10:44,2024-01-02 11:57,1:13,,,,
sleep,2024-01-02 08:48,2024-01-02 09:45,0:57,,,,
meds,2024-01-02 08:36,2024-01-02 08:36,,1ml,Vitamin D,,
feed,2024-01-02 05:32,,,Formula,bottle,4oz,
sleep,2024-01-02 02:01,2024-01-02 08:12,6:11,,,,
feed,2024-01-02 01:37,,,Breast,,,
feed,2024-01-02 01:11,,,Breast,,,
sleep,2024-01-01 23:21,2024-01-02 01:44,2:23,,,,
feed,2024-01-01 22:50,,,Formula,bottle,3oz,
sleep,2024-01-01 20:01,2024-01-01 22:54,2:53,,,,
feed,2024-01-01 19:31,,,Breast,,,
feed,2024-01-01 19:01,,,Breast,,,
sleep,2024-01-01 17:27,2024-01-01 19:01,1:34,,,,
feed,2024-01-01 16:27,,,Breast,,,
sleep,2024-01-01 16:05,2024-01-01 17:04,0:59,,,,
sleep,2024-01-01 12:15,2024-01-01 13:12,0:57,,,,
feed,2024-01-01 11:42,,,Breast,,,
sleep,2024-01-01 11:08,2024-01-01 11:49,0:41,,,,
meds,2024-01-01 10:44,2024-01-01 10:44,,1ml,Vitamin D,,
feed,2024-01-01 09:44,,,Formula,bottle,5oz,
sleep,2024-01-01 09:43,2024-01-01 10:16,0:33,,,,
sleep,2024-01-01 08:47,2024-01-01 09:21,0:34,,,,
feed,2024-01-01 04:29,,,Bottle,bottle,6oz,
feed,2024-01-01 03:29,,,Bottle,bottle,4oz,
